DEBUG - 2025-05-21 01:51:54 --> Session: Class initialized using 'CodeIgniter\Session\Handlers\FileHandler' driver.
DEBUG - 2025-05-21 01:51:55 --> Session: Class initialized using 'CodeIgniter\Session\Handlers\FileHandler' driver.
DEBUG - 2025-05-21 01:52:15 --> Session: Class initialized using 'CodeIgniter\Session\Handlers\FileHandler' driver.
DEBUG - 2025-05-21 01:52:15 --> Session: Class initialized using 'CodeIgniter\Session\Handlers\FileHandler' driver.
DEBUG - 2025-05-21 02:11:57 --> Session: Class initialized using 'CodeIgniter\Session\Handlers\FileHandler' driver.
DEBUG - 2025-05-21 02:11:57 --> Session: Class initialized using 'CodeIgniter\Session\Handlers\FileHandler' driver.
CRITICAL - 2025-05-21 02:12:10 --> Error: Undefined constant "CodeIgniter\Database\MySQLi\MYSQLI_STORE_RESULT"
[Method: POST, Route: login]
in SYSTEMPATH\Database\Database.php on line 143.
 1 SYSTEMPATH\Database\Database.php(61): CodeIgniter\Database\Database->initDriver()
 2 SYSTEMPATH\Database\Config.php(82): CodeIgniter\Database\Database->load()
 3 SYSTEMPATH\Model.php(155): CodeIgniter\Database\Config::connect()
 4 APPPATH\Controllers\AuthController.php(57): CodeIgniter\Model->__construct()
 5 SYSTEMPATH\CodeIgniter.php(933): App\Controllers\AuthController->loginProcess()
 6 SYSTEMPATH\CodeIgniter.php(507): CodeIgniter\CodeIgniter->runController()
 7 SYSTEMPATH\CodeIgniter.php(354): CodeIgniter\CodeIgniter->handleRequest()
 8 SYSTEMPATH\Boot.php(334): CodeIgniter\CodeIgniter->run()
 9 SYSTEMPATH\Boot.php(67): CodeIgniter\Boot::runCodeIgniter()
10 FCPATH\index.php(59): CodeIgniter\Boot::bootWeb()
11 SYSTEMPATH\rewrite.php(44): require_once('D:\\laragon\\www\\app_sekolah_muhammadiyah\\public\\index.php')
DEBUG - 2025-05-21 02:12:22 --> Session: Class initialized using 'CodeIgniter\Session\Handlers\FileHandler' driver.
CRITICAL - 2025-05-21 02:12:48 --> Error: Undefined constant "CodeIgniter\Database\MySQLi\MYSQLI_STORE_RESULT"
[Method: POST, Route: login]
in SYSTEMPATH\Database\Database.php on line 143.
 1 SYSTEMPATH\Database\Database.php(61): CodeIgniter\Database\Database->initDriver()
 2 SYSTEMPATH\Database\Config.php(82): CodeIgniter\Database\Database->load()
 3 SYSTEMPATH\Model.php(155): CodeIgniter\Database\Config::connect()
 4 APPPATH\Controllers\AuthController.php(57): CodeIgniter\Model->__construct()
 5 SYSTEMPATH\CodeIgniter.php(933): App\Controllers\AuthController->loginProcess()
 6 SYSTEMPATH\CodeIgniter.php(507): CodeIgniter\CodeIgniter->runController()
 7 SYSTEMPATH\CodeIgniter.php(354): CodeIgniter\CodeIgniter->handleRequest()
 8 SYSTEMPATH\Boot.php(334): CodeIgniter\CodeIgniter->run()
 9 SYSTEMPATH\Boot.php(67): CodeIgniter\Boot::runCodeIgniter()
10 FCPATH\index.php(59): CodeIgniter\Boot::bootWeb()
11 SYSTEMPATH\rewrite.php(44): require_once('D:\\laragon\\www\\app_sekolah_muhammadiyah\\public\\index.php')
DEBUG - 2025-05-21 02:12:56 --> Session: Class initialized using 'CodeIgniter\Session\Handlers\FileHandler' driver.
DEBUG - 2025-05-21 02:12:58 --> Session: Class initialized using 'CodeIgniter\Session\Handlers\FileHandler' driver.
CRITICAL - 2025-05-21 02:13:04 --> Error: Undefined constant "CodeIgniter\Database\MySQLi\MYSQLI_STORE_RESULT"
[Method: POST, Route: login]
in SYSTEMPATH\Database\Database.php on line 143.
 1 SYSTEMPATH\Database\Database.php(61): CodeIgniter\Database\Database->initDriver()
 2 SYSTEMPATH\Database\Config.php(82): CodeIgniter\Database\Database->load()
 3 SYSTEMPATH\Model.php(155): CodeIgniter\Database\Config::connect()
 4 APPPATH\Controllers\AuthController.php(57): CodeIgniter\Model->__construct()
 5 SYSTEMPATH\CodeIgniter.php(933): App\Controllers\AuthController->loginProcess()
 6 SYSTEMPATH\CodeIgniter.php(507): CodeIgniter\CodeIgniter->runController()
 7 SYSTEMPATH\CodeIgniter.php(354): CodeIgniter\CodeIgniter->handleRequest()
 8 SYSTEMPATH\Boot.php(334): CodeIgniter\CodeIgniter->run()
 9 SYSTEMPATH\Boot.php(67): CodeIgniter\Boot::runCodeIgniter()
10 FCPATH\index.php(59): CodeIgniter\Boot::bootWeb()
11 SYSTEMPATH\rewrite.php(44): require_once('D:\\laragon\\www\\app_sekolah_muhammadiyah\\public\\index.php')
DEBUG - 2025-05-21 02:13:08 --> Session: Class initialized using 'CodeIgniter\Session\Handlers\FileHandler' driver.
CRITICAL - 2025-05-21 02:13:27 --> Error: Undefined constant "CodeIgniter\Database\MySQLi\MYSQLI_STORE_RESULT"
[Method: POST, Route: login]
in SYSTEMPATH\Database\Database.php on line 143.
 1 SYSTEMPATH\Database\Database.php(61): CodeIgniter\Database\Database->initDriver()
 2 SYSTEMPATH\Database\Config.php(82): CodeIgniter\Database\Database->load()
 3 SYSTEMPATH\Model.php(155): CodeIgniter\Database\Config::connect()
 4 APPPATH\Controllers\AuthController.php(57): CodeIgniter\Model->__construct()
 5 SYSTEMPATH\CodeIgniter.php(933): App\Controllers\AuthController->loginProcess()
 6 SYSTEMPATH\CodeIgniter.php(507): CodeIgniter\CodeIgniter->runController()
 7 SYSTEMPATH\CodeIgniter.php(354): CodeIgniter\CodeIgniter->handleRequest()
 8 SYSTEMPATH\Boot.php(334): CodeIgniter\CodeIgniter->run()
 9 SYSTEMPATH\Boot.php(67): CodeIgniter\Boot::runCodeIgniter()
10 FCPATH\index.php(59): CodeIgniter\Boot::bootWeb()
11 SYSTEMPATH\rewrite.php(44): require_once('D:\\laragon\\www\\app_sekolah_muhammadiyah\\public\\index.php')
DEBUG - 2025-05-21 02:13:30 --> Session: Class initialized using 'CodeIgniter\Session\Handlers\FileHandler' driver.
CRITICAL - 2025-05-21 02:14:31 --> Error: Undefined constant "CodeIgniter\Database\MySQLi\MYSQLI_STORE_RESULT"
[Method: POST, Route: login]
in SYSTEMPATH\Database\Database.php on line 143.
 1 SYSTEMPATH\Database\Database.php(61): CodeIgniter\Database\Database->initDriver()
 2 SYSTEMPATH\Database\Config.php(82): CodeIgniter\Database\Database->load()
 3 SYSTEMPATH\Model.php(155): CodeIgniter\Database\Config::connect()
 4 APPPATH\Controllers\AuthController.php(57): CodeIgniter\Model->__construct()
 5 SYSTEMPATH\CodeIgniter.php(933): App\Controllers\AuthController->loginProcess()
 6 SYSTEMPATH\CodeIgniter.php(507): CodeIgniter\CodeIgniter->runController()
 7 SYSTEMPATH\CodeIgniter.php(354): CodeIgniter\CodeIgniter->handleRequest()
 8 SYSTEMPATH\Boot.php(334): CodeIgniter\CodeIgniter->run()
 9 SYSTEMPATH\Boot.php(67): CodeIgniter\Boot::runCodeIgniter()
10 FCPATH\index.php(59): CodeIgniter\Boot::bootWeb()
11 SYSTEMPATH\rewrite.php(44): require_once('D:\\laragon\\www\\app_sekolah_muhammadiyah\\public\\index.php')
CRITICAL - 2025-05-21 02:14:59 --> Error: Undefined constant "CodeIgniter\Database\MySQLi\MYSQLI_STORE_RESULT"
[Method: POST, Route: login]
in SYSTEMPATH\Database\Database.php on line 143.
 1 SYSTEMPATH\Database\Database.php(61): CodeIgniter\Database\Database->initDriver()
 2 SYSTEMPATH\Database\Config.php(82): CodeIgniter\Database\Database->load()
 3 SYSTEMPATH\Model.php(155): CodeIgniter\Database\Config::connect()
 4 APPPATH\Controllers\AuthController.php(57): CodeIgniter\Model->__construct()
 5 SYSTEMPATH\CodeIgniter.php(933): App\Controllers\AuthController->loginProcess()
 6 SYSTEMPATH\CodeIgniter.php(507): CodeIgniter\CodeIgniter->runController()
 7 SYSTEMPATH\CodeIgniter.php(354): CodeIgniter\CodeIgniter->handleRequest()
 8 SYSTEMPATH\Boot.php(334): CodeIgniter\CodeIgniter->run()
 9 SYSTEMPATH\Boot.php(67): CodeIgniter\Boot::runCodeIgniter()
10 FCPATH\index.php(59): CodeIgniter\Boot::bootWeb()
11 SYSTEMPATH\rewrite.php(44): require_once('D:\\laragon\\www\\app_sekolah_muhammadiyah\\public\\index.php')
DEBUG - 2025-05-21 02:15:00 --> Session: Class initialized using 'CodeIgniter\Session\Handlers\FileHandler' driver.
DEBUG - 2025-05-21 02:15:01 --> Session: Class initialized using 'CodeIgniter\Session\Handlers\FileHandler' driver.
DEBUG - 2025-05-21 02:29:55 --> Session: Class initialized using 'CodeIgniter\Session\Handlers\FileHandler' driver.
DEBUG - 2025-05-21 02:29:55 --> Session: Class initialized using 'CodeIgniter\Session\Handlers\FileHandler' driver.
CRITICAL - 2025-05-21 02:30:01 --> Error: Undefined constant "CodeIgniter\Database\MySQLi\MYSQLI_STORE_RESULT"
[Method: POST, Route: login]
in SYSTEMPATH\Database\Database.php on line 143.
 1 SYSTEMPATH\Database\Database.php(61): CodeIgniter\Database\Database->initDriver()
 2 SYSTEMPATH\Database\Config.php(82): CodeIgniter\Database\Database->load()
 3 SYSTEMPATH\Model.php(155): CodeIgniter\Database\Config::connect()
 4 APPPATH\Controllers\AuthController.php(57): CodeIgniter\Model->__construct()
 5 SYSTEMPATH\CodeIgniter.php(933): App\Controllers\AuthController->loginProcess()
 6 SYSTEMPATH\CodeIgniter.php(507): CodeIgniter\CodeIgniter->runController()
 7 SYSTEMPATH\CodeIgniter.php(354): CodeIgniter\CodeIgniter->handleRequest()
 8 SYSTEMPATH\Boot.php(334): CodeIgniter\CodeIgniter->run()
 9 SYSTEMPATH\Boot.php(67): CodeIgniter\Boot::runCodeIgniter()
10 FCPATH\index.php(59): CodeIgniter\Boot::bootWeb()
11 SYSTEMPATH\rewrite.php(44): require_once('D:\\laragon\\www\\app_sekolah_muhammadiyah\\public\\index.php')
CRITICAL - 2025-05-21 02:33:56 --> Error: Undefined constant "CodeIgniter\Database\MySQLi\MYSQLI_STORE_RESULT"
[Method: POST, Route: login]
in SYSTEMPATH\Database\Database.php on line 143.
 1 SYSTEMPATH\Database\Database.php(61): CodeIgniter\Database\Database->initDriver()
 2 SYSTEMPATH\Database\Config.php(82): CodeIgniter\Database\Database->load()
 3 SYSTEMPATH\Model.php(155): CodeIgniter\Database\Config::connect()
 4 APPPATH\Controllers\AuthController.php(57): CodeIgniter\Model->__construct()
 5 SYSTEMPATH\CodeIgniter.php(933): App\Controllers\AuthController->loginProcess()
 6 SYSTEMPATH\CodeIgniter.php(507): CodeIgniter\CodeIgniter->runController()
 7 SYSTEMPATH\CodeIgniter.php(354): CodeIgniter\CodeIgniter->handleRequest()
 8 SYSTEMPATH\Boot.php(334): CodeIgniter\CodeIgniter->run()
 9 SYSTEMPATH\Boot.php(67): CodeIgniter\Boot::runCodeIgniter()
10 FCPATH\index.php(59): CodeIgniter\Boot::bootWeb()
11 SYSTEMPATH\rewrite.php(44): require_once('D:\\laragon\\www\\app_sekolah_muhammadiyah\\public\\index.php')
CRITICAL - 2025-05-21 02:35:20 --> Error: Undefined constant "CodeIgniter\Database\MySQLi\MYSQLI_STORE_RESULT"
[Method: POST, Route: login]
in SYSTEMPATH\Database\Database.php on line 143.
 1 SYSTEMPATH\Database\Database.php(61): CodeIgniter\Database\Database->initDriver()
 2 SYSTEMPATH\Database\Config.php(82): CodeIgniter\Database\Database->load()
 3 SYSTEMPATH\Model.php(155): CodeIgniter\Database\Config::connect()
 4 APPPATH\Controllers\AuthController.php(57): CodeIgniter\Model->__construct()
 5 SYSTEMPATH\CodeIgniter.php(933): App\Controllers\AuthController->loginProcess()
 6 SYSTEMPATH\CodeIgniter.php(507): CodeIgniter\CodeIgniter->runController()
 7 SYSTEMPATH\CodeIgniter.php(354): CodeIgniter\CodeIgniter->handleRequest()
 8 SYSTEMPATH\Boot.php(334): CodeIgniter\CodeIgniter->run()
 9 SYSTEMPATH\Boot.php(67): CodeIgniter\Boot::runCodeIgniter()
10 FCPATH\index.php(59): CodeIgniter\Boot::bootWeb()
11 SYSTEMPATH\rewrite.php(44): require_once('D:\\laragon\\www\\app_sekolah_muhammadiyah\\public\\index.php')
DEBUG - 2025-05-21 02:42:29 --> Session: Class initialized using 'CodeIgniter\Session\Handlers\FileHandler' driver.
DEBUG - 2025-05-21 02:42:29 --> Session: Class initialized using 'CodeIgniter\Session\Handlers\FileHandler' driver.
DEBUG - 2025-05-21 02:42:34 --> Session: Class initialized using 'CodeIgniter\Session\Handlers\FileHandler' driver.
DEBUG - 2025-05-21 02:42:34 --> Session: Class initialized using 'CodeIgniter\Session\Handlers\FileHandler' driver.
DEBUG - 2025-05-21 02:43:35 --> Session: Class initialized using 'CodeIgniter\Session\Handlers\FileHandler' driver.
DEBUG - 2025-05-21 02:43:35 --> Session: Class initialized using 'CodeIgniter\Session\Handlers\FileHandler' driver.
DEBUG - 2025-05-21 02:43:46 --> Session: Class initialized using 'CodeIgniter\Session\Handlers\FileHandler' driver.
DEBUG - 2025-05-21 02:43:46 --> Session: Class initialized using 'CodeIgniter\Session\Handlers\FileHandler' driver.
DEBUG - 2025-05-21 02:45:04 --> Session: Class initialized using 'CodeIgniter\Session\Handlers\FileHandler' driver.
DEBUG - 2025-05-21 02:45:09 --> Session: Class initialized using 'CodeIgniter\Session\Handlers\FileHandler' driver.
ERROR - 2025-05-21 02:45:09 --> mysqli_sql_exception: Table 'db_sds.sm_jabatan' doesn't exist in D:\laragon\www\app_sekolah_muhammadiyah\vendor\codeigniter4\framework\system\Database\MySQLi\Connection.php:327
Stack trace:
#0 D:\laragon\www\app_sekolah_muhammadiyah\vendor\codeigniter4\framework\system\Database\MySQLi\Connection.php(327): mysqli->query('SELECT *\nFROM `...', 0)
#1 D:\laragon\www\app_sekolah_muhammadiyah\vendor\codeigniter4\framework\system\Database\BaseConnection.php(738): CodeIgniter\Database\MySQLi\Connection->execute('SELECT *\nFROM `...')
#2 D:\laragon\www\app_sekolah_muhammadiyah\vendor\codeigniter4\framework\system\Database\BaseConnection.php(652): CodeIgniter\Database\BaseConnection->simpleQuery('SELECT *\nFROM `...')
#3 D:\laragon\www\app_sekolah_muhammadiyah\vendor\codeigniter4\framework\system\Database\BaseBuilder.php(1649): CodeIgniter\Database\BaseConnection->query('SELECT *\nFROM `...', Array, false)
#4 D:\laragon\www\app_sekolah_muhammadiyah\app\Models\Model_admin_jabatan.php(20): CodeIgniter\Database\BaseBuilder->get()
#5 D:\laragon\www\app_sekolah_muhammadiyah\app\Controllers\Admin_jabatan.php(23): App\Models\Model_admin_jabatan->getAll()
#6 D:\laragon\www\app_sekolah_muhammadiyah\vendor\codeigniter4\framework\system\CodeIgniter.php(933): App\Controllers\Admin_jabatan->index()
#7 D:\laragon\www\app_sekolah_muhammadiyah\vendor\codeigniter4\framework\system\CodeIgniter.php(507): CodeIgniter\CodeIgniter->runController(Object(App\Controllers\Admin_jabatan))
#8 D:\laragon\www\app_sekolah_muhammadiyah\vendor\codeigniter4\framework\system\CodeIgniter.php(354): CodeIgniter\CodeIgniter->handleRequest(NULL, Object(Config\Cache), false)
#9 D:\laragon\www\app_sekolah_muhammadiyah\vendor\codeigniter4\framework\system\Boot.php(334): CodeIgniter\CodeIgniter->run()
#10 D:\laragon\www\app_sekolah_muhammadiyah\vendor\codeigniter4\framework\system\Boot.php(67): CodeIgniter\Boot::runCodeIgniter(Object(CodeIgniter\CodeIgniter))
#11 D:\laragon\www\app_sekolah_muhammadiyah\public\index.php(59): CodeIgniter\Boot::bootWeb(Object(Config\Paths))
#12 D:\laragon\www\app_sekolah_muhammadiyah\vendor\codeigniter4\framework\system\rewrite.php(44): require_once('D:\\laragon\\www\\...')
#13 {main}
CRITICAL - 2025-05-21 02:45:09 --> CodeIgniter\Database\Exceptions\DatabaseException: Table 'db_sds.sm_jabatan' doesn't exist
[Method: GET, Route: admin_jabatan]
in SYSTEMPATH\Database\BaseConnection.php on line 692.
 1 SYSTEMPATH\Database\BaseBuilder.php(1649): CodeIgniter\Database\BaseConnection->query('SELECT *
FROM `sm_jabatan`
WHERE `sekolah_kode` = :sekolah_kode:', [...], false)
 2 APPPATH\Models\Model_admin_jabatan.php(20): CodeIgniter\Database\BaseBuilder->get()
 3 APPPATH\Controllers\Admin_jabatan.php(23): App\Models\Model_admin_jabatan->getAll()
 4 SYSTEMPATH\CodeIgniter.php(933): App\Controllers\Admin_jabatan->index()
 5 SYSTEMPATH\CodeIgniter.php(507): CodeIgniter\CodeIgniter->runController(Object(App\Controllers\Admin_jabatan))
 6 SYSTEMPATH\CodeIgniter.php(354): CodeIgniter\CodeIgniter->handleRequest(null, Object(Config\Cache), false)
 7 SYSTEMPATH\Boot.php(334): CodeIgniter\CodeIgniter->run()
 8 SYSTEMPATH\Boot.php(67): CodeIgniter\Boot::runCodeIgniter(Object(CodeIgniter\CodeIgniter))
 9 FCPATH\index.php(59): CodeIgniter\Boot::bootWeb(Object(Config\Paths))
10 SYSTEMPATH\rewrite.php(44): require_once('D:\\laragon\\www\\app_sekolah_muhammadiyah\\public\\index.php')
CRITICAL - 2025-05-21 02:45:09 --> [Caused by] CodeIgniter\Database\Exceptions\DatabaseException: Table 'db_sds.sm_jabatan' doesn't exist
in SYSTEMPATH\Database\MySQLi\Connection.php on line 332.
 1 SYSTEMPATH\Database\BaseConnection.php(738): CodeIgniter\Database\MySQLi\Connection->execute('SELECT *
FROM `sm_jabatan`
WHERE `sekolah_kode` = \'10001\'')
 2 SYSTEMPATH\Database\BaseConnection.php(652): CodeIgniter\Database\BaseConnection->simpleQuery('SELECT *
FROM `sm_jabatan`
WHERE `sekolah_kode` = \'10001\'')
 3 SYSTEMPATH\Database\BaseBuilder.php(1649): CodeIgniter\Database\BaseConnection->query('SELECT *
FROM `sm_jabatan`
WHERE `sekolah_kode` = :sekolah_kode:', [...], false)
 4 APPPATH\Models\Model_admin_jabatan.php(20): CodeIgniter\Database\BaseBuilder->get()
 5 APPPATH\Controllers\Admin_jabatan.php(23): App\Models\Model_admin_jabatan->getAll()
 6 SYSTEMPATH\CodeIgniter.php(933): App\Controllers\Admin_jabatan->index()
 7 SYSTEMPATH\CodeIgniter.php(507): CodeIgniter\CodeIgniter->runController(Object(App\Controllers\Admin_jabatan))
 8 SYSTEMPATH\CodeIgniter.php(354): CodeIgniter\CodeIgniter->handleRequest(null, Object(Config\Cache), false)
 9 SYSTEMPATH\Boot.php(334): CodeIgniter\CodeIgniter->run()
10 SYSTEMPATH\Boot.php(67): CodeIgniter\Boot::runCodeIgniter(Object(CodeIgniter\CodeIgniter))
11 FCPATH\index.php(59): CodeIgniter\Boot::bootWeb(Object(Config\Paths))
12 SYSTEMPATH\rewrite.php(44): require_once('D:\\laragon\\www\\app_sekolah_muhammadiyah\\public\\index.php')
CRITICAL - 2025-05-21 02:45:09 --> [Caused by] mysqli_sql_exception: Table 'db_sds.sm_jabatan' doesn't exist
in SYSTEMPATH\Database\MySQLi\Connection.php on line 327.
 1 SYSTEMPATH\Database\MySQLi\Connection.php(327): mysqli->query('SELECT *
FROM `sm_jabatan`
WHERE `sekolah_kode` = \'10001\'', 0)
 2 SYSTEMPATH\Database\BaseConnection.php(738): CodeIgniter\Database\MySQLi\Connection->execute('SELECT *
FROM `sm_jabatan`
WHERE `sekolah_kode` = \'10001\'')
 3 SYSTEMPATH\Database\BaseConnection.php(652): CodeIgniter\Database\BaseConnection->simpleQuery('SELECT *
FROM `sm_jabatan`
WHERE `sekolah_kode` = \'10001\'')
 4 SYSTEMPATH\Database\BaseBuilder.php(1649): CodeIgniter\Database\BaseConnection->query('SELECT *
FROM `sm_jabatan`
WHERE `sekolah_kode` = :sekolah_kode:', [...], false)
 5 APPPATH\Models\Model_admin_jabatan.php(20): CodeIgniter\Database\BaseBuilder->get()
 6 APPPATH\Controllers\Admin_jabatan.php(23): App\Models\Model_admin_jabatan->getAll()
 7 SYSTEMPATH\CodeIgniter.php(933): App\Controllers\Admin_jabatan->index()
 8 SYSTEMPATH\CodeIgniter.php(507): CodeIgniter\CodeIgniter->runController(Object(App\Controllers\Admin_jabatan))
 9 SYSTEMPATH\CodeIgniter.php(354): CodeIgniter\CodeIgniter->handleRequest(null, Object(Config\Cache), false)
10 SYSTEMPATH\Boot.php(334): CodeIgniter\CodeIgniter->run()
11 SYSTEMPATH\Boot.php(67): CodeIgniter\Boot::runCodeIgniter(Object(CodeIgniter\CodeIgniter))
12 FCPATH\index.php(59): CodeIgniter\Boot::bootWeb(Object(Config\Paths))
13 SYSTEMPATH\rewrite.php(44): require_once('D:\\laragon\\www\\app_sekolah_muhammadiyah\\public\\index.php')
DEBUG - 2025-05-21 02:45:19 --> Session: Class initialized using 'CodeIgniter\Session\Handlers\FileHandler' driver.
ERROR - 2025-05-21 02:45:19 --> mysqli_sql_exception: Table 'db_sds.sm_jabatan' doesn't exist in D:\laragon\www\app_sekolah_muhammadiyah\vendor\codeigniter4\framework\system\Database\MySQLi\Connection.php:327
Stack trace:
#0 D:\laragon\www\app_sekolah_muhammadiyah\vendor\codeigniter4\framework\system\Database\MySQLi\Connection.php(327): mysqli->query('SELECT *\nFROM `...', 0)
#1 D:\laragon\www\app_sekolah_muhammadiyah\vendor\codeigniter4\framework\system\Database\BaseConnection.php(738): CodeIgniter\Database\MySQLi\Connection->execute('SELECT *\nFROM `...')
#2 D:\laragon\www\app_sekolah_muhammadiyah\vendor\codeigniter4\framework\system\Database\BaseConnection.php(652): CodeIgniter\Database\BaseConnection->simpleQuery('SELECT *\nFROM `...')
#3 D:\laragon\www\app_sekolah_muhammadiyah\vendor\codeigniter4\framework\system\Database\BaseBuilder.php(1649): CodeIgniter\Database\BaseConnection->query('SELECT *\nFROM `...', Array, false)
#4 D:\laragon\www\app_sekolah_muhammadiyah\app\Models\Model_admin_jabatan.php(20): CodeIgniter\Database\BaseBuilder->get()
#5 D:\laragon\www\app_sekolah_muhammadiyah\app\Controllers\Admin_jabatan.php(23): App\Models\Model_admin_jabatan->getAll()
#6 D:\laragon\www\app_sekolah_muhammadiyah\vendor\codeigniter4\framework\system\CodeIgniter.php(933): App\Controllers\Admin_jabatan->index()
#7 D:\laragon\www\app_sekolah_muhammadiyah\vendor\codeigniter4\framework\system\CodeIgniter.php(507): CodeIgniter\CodeIgniter->runController(Object(App\Controllers\Admin_jabatan))
#8 D:\laragon\www\app_sekolah_muhammadiyah\vendor\codeigniter4\framework\system\CodeIgniter.php(354): CodeIgniter\CodeIgniter->handleRequest(NULL, Object(Config\Cache), false)
#9 D:\laragon\www\app_sekolah_muhammadiyah\vendor\codeigniter4\framework\system\Boot.php(334): CodeIgniter\CodeIgniter->run()
#10 D:\laragon\www\app_sekolah_muhammadiyah\vendor\codeigniter4\framework\system\Boot.php(67): CodeIgniter\Boot::runCodeIgniter(Object(CodeIgniter\CodeIgniter))
#11 D:\laragon\www\app_sekolah_muhammadiyah\public\index.php(59): CodeIgniter\Boot::bootWeb(Object(Config\Paths))
#12 D:\laragon\www\app_sekolah_muhammadiyah\vendor\codeigniter4\framework\system\rewrite.php(44): require_once('D:\\laragon\\www\\...')
#13 {main}
CRITICAL - 2025-05-21 02:45:19 --> CodeIgniter\Database\Exceptions\DatabaseException: Table 'db_sds.sm_jabatan' doesn't exist
[Method: GET, Route: admin_jabatan]
in SYSTEMPATH\Database\BaseConnection.php on line 692.
 1 SYSTEMPATH\Database\BaseBuilder.php(1649): CodeIgniter\Database\BaseConnection->query('SELECT *
FROM `sm_jabatan`
WHERE `sekolah_kode` = :sekolah_kode:', [...], false)
 2 APPPATH\Models\Model_admin_jabatan.php(20): CodeIgniter\Database\BaseBuilder->get()
 3 APPPATH\Controllers\Admin_jabatan.php(23): App\Models\Model_admin_jabatan->getAll()
 4 SYSTEMPATH\CodeIgniter.php(933): App\Controllers\Admin_jabatan->index()
 5 SYSTEMPATH\CodeIgniter.php(507): CodeIgniter\CodeIgniter->runController(Object(App\Controllers\Admin_jabatan))
 6 SYSTEMPATH\CodeIgniter.php(354): CodeIgniter\CodeIgniter->handleRequest(null, Object(Config\Cache), false)
 7 SYSTEMPATH\Boot.php(334): CodeIgniter\CodeIgniter->run()
 8 SYSTEMPATH\Boot.php(67): CodeIgniter\Boot::runCodeIgniter(Object(CodeIgniter\CodeIgniter))
 9 FCPATH\index.php(59): CodeIgniter\Boot::bootWeb(Object(Config\Paths))
10 SYSTEMPATH\rewrite.php(44): require_once('D:\\laragon\\www\\app_sekolah_muhammadiyah\\public\\index.php')
CRITICAL - 2025-05-21 02:45:19 --> [Caused by] CodeIgniter\Database\Exceptions\DatabaseException: Table 'db_sds.sm_jabatan' doesn't exist
in SYSTEMPATH\Database\MySQLi\Connection.php on line 332.
 1 SYSTEMPATH\Database\BaseConnection.php(738): CodeIgniter\Database\MySQLi\Connection->execute('SELECT *
FROM `sm_jabatan`
WHERE `sekolah_kode` = \'10001\'')
 2 SYSTEMPATH\Database\BaseConnection.php(652): CodeIgniter\Database\BaseConnection->simpleQuery('SELECT *
FROM `sm_jabatan`
WHERE `sekolah_kode` = \'10001\'')
 3 SYSTEMPATH\Database\BaseBuilder.php(1649): CodeIgniter\Database\BaseConnection->query('SELECT *
FROM `sm_jabatan`
WHERE `sekolah_kode` = :sekolah_kode:', [...], false)
 4 APPPATH\Models\Model_admin_jabatan.php(20): CodeIgniter\Database\BaseBuilder->get()
 5 APPPATH\Controllers\Admin_jabatan.php(23): App\Models\Model_admin_jabatan->getAll()
 6 SYSTEMPATH\CodeIgniter.php(933): App\Controllers\Admin_jabatan->index()
 7 SYSTEMPATH\CodeIgniter.php(507): CodeIgniter\CodeIgniter->runController(Object(App\Controllers\Admin_jabatan))
 8 SYSTEMPATH\CodeIgniter.php(354): CodeIgniter\CodeIgniter->handleRequest(null, Object(Config\Cache), false)
 9 SYSTEMPATH\Boot.php(334): CodeIgniter\CodeIgniter->run()
10 SYSTEMPATH\Boot.php(67): CodeIgniter\Boot::runCodeIgniter(Object(CodeIgniter\CodeIgniter))
11 FCPATH\index.php(59): CodeIgniter\Boot::bootWeb(Object(Config\Paths))
12 SYSTEMPATH\rewrite.php(44): require_once('D:\\laragon\\www\\app_sekolah_muhammadiyah\\public\\index.php')
CRITICAL - 2025-05-21 02:45:19 --> [Caused by] mysqli_sql_exception: Table 'db_sds.sm_jabatan' doesn't exist
in SYSTEMPATH\Database\MySQLi\Connection.php on line 327.
 1 SYSTEMPATH\Database\MySQLi\Connection.php(327): mysqli->query('SELECT *
FROM `sm_jabatan`
WHERE `sekolah_kode` = \'10001\'', 0)
 2 SYSTEMPATH\Database\BaseConnection.php(738): CodeIgniter\Database\MySQLi\Connection->execute('SELECT *
FROM `sm_jabatan`
WHERE `sekolah_kode` = \'10001\'')
 3 SYSTEMPATH\Database\BaseConnection.php(652): CodeIgniter\Database\BaseConnection->simpleQuery('SELECT *
FROM `sm_jabatan`
WHERE `sekolah_kode` = \'10001\'')
 4 SYSTEMPATH\Database\BaseBuilder.php(1649): CodeIgniter\Database\BaseConnection->query('SELECT *
FROM `sm_jabatan`
WHERE `sekolah_kode` = :sekolah_kode:', [...], false)
 5 APPPATH\Models\Model_admin_jabatan.php(20): CodeIgniter\Database\BaseBuilder->get()
 6 APPPATH\Controllers\Admin_jabatan.php(23): App\Models\Model_admin_jabatan->getAll()
 7 SYSTEMPATH\CodeIgniter.php(933): App\Controllers\Admin_jabatan->index()
 8 SYSTEMPATH\CodeIgniter.php(507): CodeIgniter\CodeIgniter->runController(Object(App\Controllers\Admin_jabatan))
 9 SYSTEMPATH\CodeIgniter.php(354): CodeIgniter\CodeIgniter->handleRequest(null, Object(Config\Cache), false)
10 SYSTEMPATH\Boot.php(334): CodeIgniter\CodeIgniter->run()
11 SYSTEMPATH\Boot.php(67): CodeIgniter\Boot::runCodeIgniter(Object(CodeIgniter\CodeIgniter))
12 FCPATH\index.php(59): CodeIgniter\Boot::bootWeb(Object(Config\Paths))
13 SYSTEMPATH\rewrite.php(44): require_once('D:\\laragon\\www\\app_sekolah_muhammadiyah\\public\\index.php')
DEBUG - 2025-05-21 02:48:18 --> Session: Class initialized using 'CodeIgniter\Session\Handlers\FileHandler' driver.
DEBUG - 2025-05-21 02:48:20 --> Session: Class initialized using 'CodeIgniter\Session\Handlers\FileHandler' driver.
ERROR - 2025-05-21 02:48:20 --> mysqli_sql_exception: Table 'db_sds.sm_siswa' doesn't exist in D:\laragon\www\app_sekolah_muhammadiyah\vendor\codeigniter4\framework\system\Database\MySQLi\Connection.php:327
Stack trace:
#0 D:\laragon\www\app_sekolah_muhammadiyah\vendor\codeigniter4\framework\system\Database\MySQLi\Connection.php(327): mysqli->query('SELECT `sm_sisw...', 0)
#1 D:\laragon\www\app_sekolah_muhammadiyah\vendor\codeigniter4\framework\system\Database\BaseConnection.php(738): CodeIgniter\Database\MySQLi\Connection->execute('SELECT `sm_sisw...')
#2 D:\laragon\www\app_sekolah_muhammadiyah\vendor\codeigniter4\framework\system\Database\BaseConnection.php(652): CodeIgniter\Database\BaseConnection->simpleQuery('SELECT `sm_sisw...')
#3 D:\laragon\www\app_sekolah_muhammadiyah\vendor\codeigniter4\framework\system\Database\BaseBuilder.php(1649): CodeIgniter\Database\BaseConnection->query('SELECT `sm_sisw...', Array, false)
#4 D:\laragon\www\app_sekolah_muhammadiyah\app\Models\Model_admin_siswa.php(29): CodeIgniter\Database\BaseBuilder->get()
#5 D:\laragon\www\app_sekolah_muhammadiyah\app\Controllers\Admin_siswa.php(29): App\Models\Model_admin_siswa->getSiswa()
#6 D:\laragon\www\app_sekolah_muhammadiyah\vendor\codeigniter4\framework\system\CodeIgniter.php(933): App\Controllers\Admin_siswa->index()
#7 D:\laragon\www\app_sekolah_muhammadiyah\vendor\codeigniter4\framework\system\CodeIgniter.php(507): CodeIgniter\CodeIgniter->runController(Object(App\Controllers\Admin_siswa))
#8 D:\laragon\www\app_sekolah_muhammadiyah\vendor\codeigniter4\framework\system\CodeIgniter.php(354): CodeIgniter\CodeIgniter->handleRequest(NULL, Object(Config\Cache), false)
#9 D:\laragon\www\app_sekolah_muhammadiyah\vendor\codeigniter4\framework\system\Boot.php(334): CodeIgniter\CodeIgniter->run()
#10 D:\laragon\www\app_sekolah_muhammadiyah\vendor\codeigniter4\framework\system\Boot.php(67): CodeIgniter\Boot::runCodeIgniter(Object(CodeIgniter\CodeIgniter))
#11 D:\laragon\www\app_sekolah_muhammadiyah\public\index.php(59): CodeIgniter\Boot::bootWeb(Object(Config\Paths))
#12 D:\laragon\www\app_sekolah_muhammadiyah\vendor\codeigniter4\framework\system\rewrite.php(44): require_once('D:\\laragon\\www\\...')
#13 {main}
CRITICAL - 2025-05-21 02:48:20 --> CodeIgniter\Database\Exceptions\DatabaseException: Table 'db_sds.sm_siswa' doesn't exist
[Method: GET, Route: admin_siswa]
in SYSTEMPATH\Database\BaseConnection.php on line 692.
 1 SYSTEMPATH\Database\BaseBuilder.php(1649): CodeIgniter\Database\BaseConnection->query('SELECT `sm_siswa`.*, `sm_bentuk_pendidikan`.`bentuk_pendidikan`, `sm_kelas`.`nama_kelas`, `sm_users`.*
FROM `sm_siswa`
LEFT JOIN `sm_bentuk_pendidikan` ON `sm_bentuk_pendidikan`.`id_bentuk_pendidikan` = `sm_siswa`.`bentuk_pendidikan_id`
LEFT JOIN `sm_kelas` ON `sm_kelas`.`id_kelas` = `sm_siswa`.`kelas_id`
LEFT JOIN `sm_users` ON `sm_users`.`kode_person` = `sm_siswa`.`nis`', [], false)
 2 APPPATH\Models\Model_admin_siswa.php(29): CodeIgniter\Database\BaseBuilder->get()
 3 APPPATH\Controllers\Admin_siswa.php(29): App\Models\Model_admin_siswa->getSiswa()
 4 SYSTEMPATH\CodeIgniter.php(933): App\Controllers\Admin_siswa->index()
 5 SYSTEMPATH\CodeIgniter.php(507): CodeIgniter\CodeIgniter->runController(Object(App\Controllers\Admin_siswa))
 6 SYSTEMPATH\CodeIgniter.php(354): CodeIgniter\CodeIgniter->handleRequest(null, Object(Config\Cache), false)
 7 SYSTEMPATH\Boot.php(334): CodeIgniter\CodeIgniter->run()
 8 SYSTEMPATH\Boot.php(67): CodeIgniter\Boot::runCodeIgniter(Object(CodeIgniter\CodeIgniter))
 9 FCPATH\index.php(59): CodeIgniter\Boot::bootWeb(Object(Config\Paths))
10 SYSTEMPATH\rewrite.php(44): require_once('D:\\laragon\\www\\app_sekolah_muhammadiyah\\public\\index.php')
CRITICAL - 2025-05-21 02:48:20 --> [Caused by] CodeIgniter\Database\Exceptions\DatabaseException: Table 'db_sds.sm_siswa' doesn't exist
in SYSTEMPATH\Database\MySQLi\Connection.php on line 332.
 1 SYSTEMPATH\Database\BaseConnection.php(738): CodeIgniter\Database\MySQLi\Connection->execute('SELECT `sm_siswa`.*, `sm_bentuk_pendidikan`.`bentuk_pendidikan`, `sm_kelas`.`nama_kelas`, `sm_users`.*
FROM `sm_siswa`
LEFT JOIN `sm_bentuk_pendidikan` ON `sm_bentuk_pendidikan`.`id_bentuk_pendidikan` = `sm_siswa`.`bentuk_pendidikan_id`
LEFT JOIN `sm_kelas` ON `sm_kelas`.`id_kelas` = `sm_siswa`.`kelas_id`
LEFT JOIN `sm_users` ON `sm_users`.`kode_person` = `sm_siswa`.`nis`')
 2 SYSTEMPATH\Database\BaseConnection.php(652): CodeIgniter\Database\BaseConnection->simpleQuery('SELECT `sm_siswa`.*, `sm_bentuk_pendidikan`.`bentuk_pendidikan`, `sm_kelas`.`nama_kelas`, `sm_users`.*
FROM `sm_siswa`
LEFT JOIN `sm_bentuk_pendidikan` ON `sm_bentuk_pendidikan`.`id_bentuk_pendidikan` = `sm_siswa`.`bentuk_pendidikan_id`
LEFT JOIN `sm_kelas` ON `sm_kelas`.`id_kelas` = `sm_siswa`.`kelas_id`
LEFT JOIN `sm_users` ON `sm_users`.`kode_person` = `sm_siswa`.`nis`')
 3 SYSTEMPATH\Database\BaseBuilder.php(1649): CodeIgniter\Database\BaseConnection->query('SELECT `sm_siswa`.*, `sm_bentuk_pendidikan`.`bentuk_pendidikan`, `sm_kelas`.`nama_kelas`, `sm_users`.*
FROM `sm_siswa`
LEFT JOIN `sm_bentuk_pendidikan` ON `sm_bentuk_pendidikan`.`id_bentuk_pendidikan` = `sm_siswa`.`bentuk_pendidikan_id`
LEFT JOIN `sm_kelas` ON `sm_kelas`.`id_kelas` = `sm_siswa`.`kelas_id`
LEFT JOIN `sm_users` ON `sm_users`.`kode_person` = `sm_siswa`.`nis`', [], false)
 4 APPPATH\Models\Model_admin_siswa.php(29): CodeIgniter\Database\BaseBuilder->get()
 5 APPPATH\Controllers\Admin_siswa.php(29): App\Models\Model_admin_siswa->getSiswa()
 6 SYSTEMPATH\CodeIgniter.php(933): App\Controllers\Admin_siswa->index()
 7 SYSTEMPATH\CodeIgniter.php(507): CodeIgniter\CodeIgniter->runController(Object(App\Controllers\Admin_siswa))
 8 SYSTEMPATH\CodeIgniter.php(354): CodeIgniter\CodeIgniter->handleRequest(null, Object(Config\Cache), false)
 9 SYSTEMPATH\Boot.php(334): CodeIgniter\CodeIgniter->run()
10 SYSTEMPATH\Boot.php(67): CodeIgniter\Boot::runCodeIgniter(Object(CodeIgniter\CodeIgniter))
11 FCPATH\index.php(59): CodeIgniter\Boot::bootWeb(Object(Config\Paths))
12 SYSTEMPATH\rewrite.php(44): require_once('D:\\laragon\\www\\app_sekolah_muhammadiyah\\public\\index.php')
CRITICAL - 2025-05-21 02:48:20 --> [Caused by] mysqli_sql_exception: Table 'db_sds.sm_siswa' doesn't exist
in SYSTEMPATH\Database\MySQLi\Connection.php on line 327.
 1 SYSTEMPATH\Database\MySQLi\Connection.php(327): mysqli->query('SELECT `sm_siswa`.*, `sm_bentuk_pendidikan`.`bentuk_pendidikan`, `sm_kelas`.`nama_kelas`, `sm_users`.*
FROM `sm_siswa`
LEFT JOIN `sm_bentuk_pendidikan` ON `sm_bentuk_pendidikan`.`id_bentuk_pendidikan` = `sm_siswa`.`bentuk_pendidikan_id`
LEFT JOIN `sm_kelas` ON `sm_kelas`.`id_kelas` = `sm_siswa`.`kelas_id`
LEFT JOIN `sm_users` ON `sm_users`.`kode_person` = `sm_siswa`.`nis`', 0)
 2 SYSTEMPATH\Database\BaseConnection.php(738): CodeIgniter\Database\MySQLi\Connection->execute('SELECT `sm_siswa`.*, `sm_bentuk_pendidikan`.`bentuk_pendidikan`, `sm_kelas`.`nama_kelas`, `sm_users`.*
FROM `sm_siswa`
LEFT JOIN `sm_bentuk_pendidikan` ON `sm_bentuk_pendidikan`.`id_bentuk_pendidikan` = `sm_siswa`.`bentuk_pendidikan_id`
LEFT JOIN `sm_kelas` ON `sm_kelas`.`id_kelas` = `sm_siswa`.`kelas_id`
LEFT JOIN `sm_users` ON `sm_users`.`kode_person` = `sm_siswa`.`nis`')
 3 SYSTEMPATH\Database\BaseConnection.php(652): CodeIgniter\Database\BaseConnection->simpleQuery('SELECT `sm_siswa`.*, `sm_bentuk_pendidikan`.`bentuk_pendidikan`, `sm_kelas`.`nama_kelas`, `sm_users`.*
FROM `sm_siswa`
LEFT JOIN `sm_bentuk_pendidikan` ON `sm_bentuk_pendidikan`.`id_bentuk_pendidikan` = `sm_siswa`.`bentuk_pendidikan_id`
LEFT JOIN `sm_kelas` ON `sm_kelas`.`id_kelas` = `sm_siswa`.`kelas_id`
LEFT JOIN `sm_users` ON `sm_users`.`kode_person` = `sm_siswa`.`nis`')
 4 SYSTEMPATH\Database\BaseBuilder.php(1649): CodeIgniter\Database\BaseConnection->query('SELECT `sm_siswa`.*, `sm_bentuk_pendidikan`.`bentuk_pendidikan`, `sm_kelas`.`nama_kelas`, `sm_users`.*
FROM `sm_siswa`
LEFT JOIN `sm_bentuk_pendidikan` ON `sm_bentuk_pendidikan`.`id_bentuk_pendidikan` = `sm_siswa`.`bentuk_pendidikan_id`
LEFT JOIN `sm_kelas` ON `sm_kelas`.`id_kelas` = `sm_siswa`.`kelas_id`
LEFT JOIN `sm_users` ON `sm_users`.`kode_person` = `sm_siswa`.`nis`', [], false)
 5 APPPATH\Models\Model_admin_siswa.php(29): CodeIgniter\Database\BaseBuilder->get()
 6 APPPATH\Controllers\Admin_siswa.php(29): App\Models\Model_admin_siswa->getSiswa()
 7 SYSTEMPATH\CodeIgniter.php(933): App\Controllers\Admin_siswa->index()
 8 SYSTEMPATH\CodeIgniter.php(507): CodeIgniter\CodeIgniter->runController(Object(App\Controllers\Admin_siswa))
 9 SYSTEMPATH\CodeIgniter.php(354): CodeIgniter\CodeIgniter->handleRequest(null, Object(Config\Cache), false)
10 SYSTEMPATH\Boot.php(334): CodeIgniter\CodeIgniter->run()
11 SYSTEMPATH\Boot.php(67): CodeIgniter\Boot::runCodeIgniter(Object(CodeIgniter\CodeIgniter))
12 FCPATH\index.php(59): CodeIgniter\Boot::bootWeb(Object(Config\Paths))
13 SYSTEMPATH\rewrite.php(44): require_once('D:\\laragon\\www\\app_sekolah_muhammadiyah\\public\\index.php')
DEBUG - 2025-05-21 02:48:28 --> Session: Class initialized using 'CodeIgniter\Session\Handlers\FileHandler' driver.
ERROR - 2025-05-21 02:48:28 --> mysqli_sql_exception: Table 'db_sds.sm_jabatan' doesn't exist in D:\laragon\www\app_sekolah_muhammadiyah\vendor\codeigniter4\framework\system\Database\MySQLi\Connection.php:327
Stack trace:
#0 D:\laragon\www\app_sekolah_muhammadiyah\vendor\codeigniter4\framework\system\Database\MySQLi\Connection.php(327): mysqli->query('SELECT *\nFROM `...', 0)
#1 D:\laragon\www\app_sekolah_muhammadiyah\vendor\codeigniter4\framework\system\Database\BaseConnection.php(738): CodeIgniter\Database\MySQLi\Connection->execute('SELECT *\nFROM `...')
#2 D:\laragon\www\app_sekolah_muhammadiyah\vendor\codeigniter4\framework\system\Database\BaseConnection.php(652): CodeIgniter\Database\BaseConnection->simpleQuery('SELECT *\nFROM `...')
#3 D:\laragon\www\app_sekolah_muhammadiyah\vendor\codeigniter4\framework\system\Database\BaseBuilder.php(1649): CodeIgniter\Database\BaseConnection->query('SELECT *\nFROM `...', Array, false)
#4 D:\laragon\www\app_sekolah_muhammadiyah\app\Models\Model_admin_jabatan.php(20): CodeIgniter\Database\BaseBuilder->get()
#5 D:\laragon\www\app_sekolah_muhammadiyah\app\Controllers\Admin_jabatan.php(23): App\Models\Model_admin_jabatan->getAll()
#6 D:\laragon\www\app_sekolah_muhammadiyah\vendor\codeigniter4\framework\system\CodeIgniter.php(933): App\Controllers\Admin_jabatan->index()
#7 D:\laragon\www\app_sekolah_muhammadiyah\vendor\codeigniter4\framework\system\CodeIgniter.php(507): CodeIgniter\CodeIgniter->runController(Object(App\Controllers\Admin_jabatan))
#8 D:\laragon\www\app_sekolah_muhammadiyah\vendor\codeigniter4\framework\system\CodeIgniter.php(354): CodeIgniter\CodeIgniter->handleRequest(NULL, Object(Config\Cache), false)
#9 D:\laragon\www\app_sekolah_muhammadiyah\vendor\codeigniter4\framework\system\Boot.php(334): CodeIgniter\CodeIgniter->run()
#10 D:\laragon\www\app_sekolah_muhammadiyah\vendor\codeigniter4\framework\system\Boot.php(67): CodeIgniter\Boot::runCodeIgniter(Object(CodeIgniter\CodeIgniter))
#11 D:\laragon\www\app_sekolah_muhammadiyah\public\index.php(59): CodeIgniter\Boot::bootWeb(Object(Config\Paths))
#12 D:\laragon\www\app_sekolah_muhammadiyah\vendor\codeigniter4\framework\system\rewrite.php(44): require_once('D:\\laragon\\www\\...')
#13 {main}
CRITICAL - 2025-05-21 02:48:28 --> CodeIgniter\Database\Exceptions\DatabaseException: Table 'db_sds.sm_jabatan' doesn't exist
[Method: GET, Route: admin_jabatan]
in SYSTEMPATH\Database\BaseConnection.php on line 692.
 1 SYSTEMPATH\Database\BaseBuilder.php(1649): CodeIgniter\Database\BaseConnection->query('SELECT *
FROM `sm_jabatan`
WHERE `sekolah_kode` = :sekolah_kode:', [...], false)
 2 APPPATH\Models\Model_admin_jabatan.php(20): CodeIgniter\Database\BaseBuilder->get()
 3 APPPATH\Controllers\Admin_jabatan.php(23): App\Models\Model_admin_jabatan->getAll()
 4 SYSTEMPATH\CodeIgniter.php(933): App\Controllers\Admin_jabatan->index()
 5 SYSTEMPATH\CodeIgniter.php(507): CodeIgniter\CodeIgniter->runController(Object(App\Controllers\Admin_jabatan))
 6 SYSTEMPATH\CodeIgniter.php(354): CodeIgniter\CodeIgniter->handleRequest(null, Object(Config\Cache), false)
 7 SYSTEMPATH\Boot.php(334): CodeIgniter\CodeIgniter->run()
 8 SYSTEMPATH\Boot.php(67): CodeIgniter\Boot::runCodeIgniter(Object(CodeIgniter\CodeIgniter))
 9 FCPATH\index.php(59): CodeIgniter\Boot::bootWeb(Object(Config\Paths))
10 SYSTEMPATH\rewrite.php(44): require_once('D:\\laragon\\www\\app_sekolah_muhammadiyah\\public\\index.php')
CRITICAL - 2025-05-21 02:48:28 --> [Caused by] CodeIgniter\Database\Exceptions\DatabaseException: Table 'db_sds.sm_jabatan' doesn't exist
in SYSTEMPATH\Database\MySQLi\Connection.php on line 332.
 1 SYSTEMPATH\Database\BaseConnection.php(738): CodeIgniter\Database\MySQLi\Connection->execute('SELECT *
FROM `sm_jabatan`
WHERE `sekolah_kode` = \'10001\'')
 2 SYSTEMPATH\Database\BaseConnection.php(652): CodeIgniter\Database\BaseConnection->simpleQuery('SELECT *
FROM `sm_jabatan`
WHERE `sekolah_kode` = \'10001\'')
 3 SYSTEMPATH\Database\BaseBuilder.php(1649): CodeIgniter\Database\BaseConnection->query('SELECT *
FROM `sm_jabatan`
WHERE `sekolah_kode` = :sekolah_kode:', [...], false)
 4 APPPATH\Models\Model_admin_jabatan.php(20): CodeIgniter\Database\BaseBuilder->get()
 5 APPPATH\Controllers\Admin_jabatan.php(23): App\Models\Model_admin_jabatan->getAll()
 6 SYSTEMPATH\CodeIgniter.php(933): App\Controllers\Admin_jabatan->index()
 7 SYSTEMPATH\CodeIgniter.php(507): CodeIgniter\CodeIgniter->runController(Object(App\Controllers\Admin_jabatan))
 8 SYSTEMPATH\CodeIgniter.php(354): CodeIgniter\CodeIgniter->handleRequest(null, Object(Config\Cache), false)
 9 SYSTEMPATH\Boot.php(334): CodeIgniter\CodeIgniter->run()
10 SYSTEMPATH\Boot.php(67): CodeIgniter\Boot::runCodeIgniter(Object(CodeIgniter\CodeIgniter))
11 FCPATH\index.php(59): CodeIgniter\Boot::bootWeb(Object(Config\Paths))
12 SYSTEMPATH\rewrite.php(44): require_once('D:\\laragon\\www\\app_sekolah_muhammadiyah\\public\\index.php')
CRITICAL - 2025-05-21 02:48:28 --> [Caused by] mysqli_sql_exception: Table 'db_sds.sm_jabatan' doesn't exist
in SYSTEMPATH\Database\MySQLi\Connection.php on line 327.
 1 SYSTEMPATH\Database\MySQLi\Connection.php(327): mysqli->query('SELECT *
FROM `sm_jabatan`
WHERE `sekolah_kode` = \'10001\'', 0)
 2 SYSTEMPATH\Database\BaseConnection.php(738): CodeIgniter\Database\MySQLi\Connection->execute('SELECT *
FROM `sm_jabatan`
WHERE `sekolah_kode` = \'10001\'')
 3 SYSTEMPATH\Database\BaseConnection.php(652): CodeIgniter\Database\BaseConnection->simpleQuery('SELECT *
FROM `sm_jabatan`
WHERE `sekolah_kode` = \'10001\'')
 4 SYSTEMPATH\Database\BaseBuilder.php(1649): CodeIgniter\Database\BaseConnection->query('SELECT *
FROM `sm_jabatan`
WHERE `sekolah_kode` = :sekolah_kode:', [...], false)
 5 APPPATH\Models\Model_admin_jabatan.php(20): CodeIgniter\Database\BaseBuilder->get()
 6 APPPATH\Controllers\Admin_jabatan.php(23): App\Models\Model_admin_jabatan->getAll()
 7 SYSTEMPATH\CodeIgniter.php(933): App\Controllers\Admin_jabatan->index()
 8 SYSTEMPATH\CodeIgniter.php(507): CodeIgniter\CodeIgniter->runController(Object(App\Controllers\Admin_jabatan))
 9 SYSTEMPATH\CodeIgniter.php(354): CodeIgniter\CodeIgniter->handleRequest(null, Object(Config\Cache), false)
10 SYSTEMPATH\Boot.php(334): CodeIgniter\CodeIgniter->run()
11 SYSTEMPATH\Boot.php(67): CodeIgniter\Boot::runCodeIgniter(Object(CodeIgniter\CodeIgniter))
12 FCPATH\index.php(59): CodeIgniter\Boot::bootWeb(Object(Config\Paths))
13 SYSTEMPATH\rewrite.php(44): require_once('D:\\laragon\\www\\app_sekolah_muhammadiyah\\public\\index.php')
DEBUG - 2025-05-21 02:54:22 --> Session: Class initialized using 'CodeIgniter\Session\Handlers\FileHandler' driver.
DEBUG - 2025-05-21 02:54:38 --> Session: Class initialized using 'CodeIgniter\Session\Handlers\FileHandler' driver.
DEBUG - 2025-05-21 02:54:38 --> Session: Class initialized using 'CodeIgniter\Session\Handlers\FileHandler' driver.
DEBUG - 2025-05-21 02:54:43 --> Session: Class initialized using 'CodeIgniter\Session\Handlers\FileHandler' driver.
DEBUG - 2025-05-21 02:57:12 --> Session: Class initialized using 'CodeIgniter\Session\Handlers\FileHandler' driver.
DEBUG - 2025-05-21 02:57:13 --> Session: Class initialized using 'CodeIgniter\Session\Handlers\FileHandler' driver.
ERROR - 2025-05-21 02:57:13 --> mysqli_sql_exception: Table 'db_sds.sm_siswa' doesn't exist in D:\laragon\www\app_sekolah_muhammadiyah\vendor\codeigniter4\framework\system\Database\MySQLi\Connection.php:327
Stack trace:
#0 D:\laragon\www\app_sekolah_muhammadiyah\vendor\codeigniter4\framework\system\Database\MySQLi\Connection.php(327): mysqli->query('SELECT `sm_sisw...', 0)
#1 D:\laragon\www\app_sekolah_muhammadiyah\vendor\codeigniter4\framework\system\Database\BaseConnection.php(738): CodeIgniter\Database\MySQLi\Connection->execute('SELECT `sm_sisw...')
#2 D:\laragon\www\app_sekolah_muhammadiyah\vendor\codeigniter4\framework\system\Database\BaseConnection.php(652): CodeIgniter\Database\BaseConnection->simpleQuery('SELECT `sm_sisw...')
#3 D:\laragon\www\app_sekolah_muhammadiyah\vendor\codeigniter4\framework\system\Database\BaseBuilder.php(1649): CodeIgniter\Database\BaseConnection->query('SELECT `sm_sisw...', Array, false)
#4 D:\laragon\www\app_sekolah_muhammadiyah\app\Models\Model_admin_siswa.php(29): CodeIgniter\Database\BaseBuilder->get()
#5 D:\laragon\www\app_sekolah_muhammadiyah\app\Controllers\Admin_siswa.php(29): App\Models\Model_admin_siswa->getSiswa()
#6 D:\laragon\www\app_sekolah_muhammadiyah\vendor\codeigniter4\framework\system\CodeIgniter.php(933): App\Controllers\Admin_siswa->index()
#7 D:\laragon\www\app_sekolah_muhammadiyah\vendor\codeigniter4\framework\system\CodeIgniter.php(507): CodeIgniter\CodeIgniter->runController(Object(App\Controllers\Admin_siswa))
#8 D:\laragon\www\app_sekolah_muhammadiyah\vendor\codeigniter4\framework\system\CodeIgniter.php(354): CodeIgniter\CodeIgniter->handleRequest(NULL, Object(Config\Cache), false)
#9 D:\laragon\www\app_sekolah_muhammadiyah\vendor\codeigniter4\framework\system\Boot.php(334): CodeIgniter\CodeIgniter->run()
#10 D:\laragon\www\app_sekolah_muhammadiyah\vendor\codeigniter4\framework\system\Boot.php(67): CodeIgniter\Boot::runCodeIgniter(Object(CodeIgniter\CodeIgniter))
#11 D:\laragon\www\app_sekolah_muhammadiyah\public\index.php(59): CodeIgniter\Boot::bootWeb(Object(Config\Paths))
#12 D:\laragon\www\app_sekolah_muhammadiyah\vendor\codeigniter4\framework\system\rewrite.php(44): require_once('D:\\laragon\\www\\...')
#13 {main}
CRITICAL - 2025-05-21 02:57:13 --> CodeIgniter\Database\Exceptions\DatabaseException: Table 'db_sds.sm_siswa' doesn't exist
[Method: GET, Route: admin_siswa]
in SYSTEMPATH\Database\BaseConnection.php on line 692.
 1 SYSTEMPATH\Database\BaseBuilder.php(1649): CodeIgniter\Database\BaseConnection->query('SELECT `sm_siswa`.*, `sm_bentuk_pendidikan`.`bentuk_pendidikan`, `sm_kelas`.`nama_kelas`, `sm_users`.*
FROM `sm_siswa`
LEFT JOIN `sm_bentuk_pendidikan` ON `sm_bentuk_pendidikan`.`id_bentuk_pendidikan` = `sm_siswa`.`bentuk_pendidikan_id`
LEFT JOIN `sm_kelas` ON `sm_kelas`.`id_kelas` = `sm_siswa`.`kelas_id`
LEFT JOIN `sm_users` ON `sm_users`.`kode_person` = `sm_siswa`.`nis`', [], false)
 2 APPPATH\Models\Model_admin_siswa.php(29): CodeIgniter\Database\BaseBuilder->get()
 3 APPPATH\Controllers\Admin_siswa.php(29): App\Models\Model_admin_siswa->getSiswa()
 4 SYSTEMPATH\CodeIgniter.php(933): App\Controllers\Admin_siswa->index()
 5 SYSTEMPATH\CodeIgniter.php(507): CodeIgniter\CodeIgniter->runController(Object(App\Controllers\Admin_siswa))
 6 SYSTEMPATH\CodeIgniter.php(354): CodeIgniter\CodeIgniter->handleRequest(null, Object(Config\Cache), false)
 7 SYSTEMPATH\Boot.php(334): CodeIgniter\CodeIgniter->run()
 8 SYSTEMPATH\Boot.php(67): CodeIgniter\Boot::runCodeIgniter(Object(CodeIgniter\CodeIgniter))
 9 FCPATH\index.php(59): CodeIgniter\Boot::bootWeb(Object(Config\Paths))
10 SYSTEMPATH\rewrite.php(44): require_once('D:\\laragon\\www\\app_sekolah_muhammadiyah\\public\\index.php')
CRITICAL - 2025-05-21 02:57:13 --> [Caused by] CodeIgniter\Database\Exceptions\DatabaseException: Table 'db_sds.sm_siswa' doesn't exist
in SYSTEMPATH\Database\MySQLi\Connection.php on line 332.
 1 SYSTEMPATH\Database\BaseConnection.php(738): CodeIgniter\Database\MySQLi\Connection->execute('SELECT `sm_siswa`.*, `sm_bentuk_pendidikan`.`bentuk_pendidikan`, `sm_kelas`.`nama_kelas`, `sm_users`.*
FROM `sm_siswa`
LEFT JOIN `sm_bentuk_pendidikan` ON `sm_bentuk_pendidikan`.`id_bentuk_pendidikan` = `sm_siswa`.`bentuk_pendidikan_id`
LEFT JOIN `sm_kelas` ON `sm_kelas`.`id_kelas` = `sm_siswa`.`kelas_id`
LEFT JOIN `sm_users` ON `sm_users`.`kode_person` = `sm_siswa`.`nis`')
 2 SYSTEMPATH\Database\BaseConnection.php(652): CodeIgniter\Database\BaseConnection->simpleQuery('SELECT `sm_siswa`.*, `sm_bentuk_pendidikan`.`bentuk_pendidikan`, `sm_kelas`.`nama_kelas`, `sm_users`.*
FROM `sm_siswa`
LEFT JOIN `sm_bentuk_pendidikan` ON `sm_bentuk_pendidikan`.`id_bentuk_pendidikan` = `sm_siswa`.`bentuk_pendidikan_id`
LEFT JOIN `sm_kelas` ON `sm_kelas`.`id_kelas` = `sm_siswa`.`kelas_id`
LEFT JOIN `sm_users` ON `sm_users`.`kode_person` = `sm_siswa`.`nis`')
 3 SYSTEMPATH\Database\BaseBuilder.php(1649): CodeIgniter\Database\BaseConnection->query('SELECT `sm_siswa`.*, `sm_bentuk_pendidikan`.`bentuk_pendidikan`, `sm_kelas`.`nama_kelas`, `sm_users`.*
FROM `sm_siswa`
LEFT JOIN `sm_bentuk_pendidikan` ON `sm_bentuk_pendidikan`.`id_bentuk_pendidikan` = `sm_siswa`.`bentuk_pendidikan_id`
LEFT JOIN `sm_kelas` ON `sm_kelas`.`id_kelas` = `sm_siswa`.`kelas_id`
LEFT JOIN `sm_users` ON `sm_users`.`kode_person` = `sm_siswa`.`nis`', [], false)
 4 APPPATH\Models\Model_admin_siswa.php(29): CodeIgniter\Database\BaseBuilder->get()
 5 APPPATH\Controllers\Admin_siswa.php(29): App\Models\Model_admin_siswa->getSiswa()
 6 SYSTEMPATH\CodeIgniter.php(933): App\Controllers\Admin_siswa->index()
 7 SYSTEMPATH\CodeIgniter.php(507): CodeIgniter\CodeIgniter->runController(Object(App\Controllers\Admin_siswa))
 8 SYSTEMPATH\CodeIgniter.php(354): CodeIgniter\CodeIgniter->handleRequest(null, Object(Config\Cache), false)
 9 SYSTEMPATH\Boot.php(334): CodeIgniter\CodeIgniter->run()
10 SYSTEMPATH\Boot.php(67): CodeIgniter\Boot::runCodeIgniter(Object(CodeIgniter\CodeIgniter))
11 FCPATH\index.php(59): CodeIgniter\Boot::bootWeb(Object(Config\Paths))
12 SYSTEMPATH\rewrite.php(44): require_once('D:\\laragon\\www\\app_sekolah_muhammadiyah\\public\\index.php')
CRITICAL - 2025-05-21 02:57:13 --> [Caused by] mysqli_sql_exception: Table 'db_sds.sm_siswa' doesn't exist
in SYSTEMPATH\Database\MySQLi\Connection.php on line 327.
 1 SYSTEMPATH\Database\MySQLi\Connection.php(327): mysqli->query('SELECT `sm_siswa`.*, `sm_bentuk_pendidikan`.`bentuk_pendidikan`, `sm_kelas`.`nama_kelas`, `sm_users`.*
FROM `sm_siswa`
LEFT JOIN `sm_bentuk_pendidikan` ON `sm_bentuk_pendidikan`.`id_bentuk_pendidikan` = `sm_siswa`.`bentuk_pendidikan_id`
LEFT JOIN `sm_kelas` ON `sm_kelas`.`id_kelas` = `sm_siswa`.`kelas_id`
LEFT JOIN `sm_users` ON `sm_users`.`kode_person` = `sm_siswa`.`nis`', 0)
 2 SYSTEMPATH\Database\BaseConnection.php(738): CodeIgniter\Database\MySQLi\Connection->execute('SELECT `sm_siswa`.*, `sm_bentuk_pendidikan`.`bentuk_pendidikan`, `sm_kelas`.`nama_kelas`, `sm_users`.*
FROM `sm_siswa`
LEFT JOIN `sm_bentuk_pendidikan` ON `sm_bentuk_pendidikan`.`id_bentuk_pendidikan` = `sm_siswa`.`bentuk_pendidikan_id`
LEFT JOIN `sm_kelas` ON `sm_kelas`.`id_kelas` = `sm_siswa`.`kelas_id`
LEFT JOIN `sm_users` ON `sm_users`.`kode_person` = `sm_siswa`.`nis`')
 3 SYSTEMPATH\Database\BaseConnection.php(652): CodeIgniter\Database\BaseConnection->simpleQuery('SELECT `sm_siswa`.*, `sm_bentuk_pendidikan`.`bentuk_pendidikan`, `sm_kelas`.`nama_kelas`, `sm_users`.*
FROM `sm_siswa`
LEFT JOIN `sm_bentuk_pendidikan` ON `sm_bentuk_pendidikan`.`id_bentuk_pendidikan` = `sm_siswa`.`bentuk_pendidikan_id`
LEFT JOIN `sm_kelas` ON `sm_kelas`.`id_kelas` = `sm_siswa`.`kelas_id`
LEFT JOIN `sm_users` ON `sm_users`.`kode_person` = `sm_siswa`.`nis`')
 4 SYSTEMPATH\Database\BaseBuilder.php(1649): CodeIgniter\Database\BaseConnection->query('SELECT `sm_siswa`.*, `sm_bentuk_pendidikan`.`bentuk_pendidikan`, `sm_kelas`.`nama_kelas`, `sm_users`.*
FROM `sm_siswa`
LEFT JOIN `sm_bentuk_pendidikan` ON `sm_bentuk_pendidikan`.`id_bentuk_pendidikan` = `sm_siswa`.`bentuk_pendidikan_id`
LEFT JOIN `sm_kelas` ON `sm_kelas`.`id_kelas` = `sm_siswa`.`kelas_id`
LEFT JOIN `sm_users` ON `sm_users`.`kode_person` = `sm_siswa`.`nis`', [], false)
 5 APPPATH\Models\Model_admin_siswa.php(29): CodeIgniter\Database\BaseBuilder->get()
 6 APPPATH\Controllers\Admin_siswa.php(29): App\Models\Model_admin_siswa->getSiswa()
 7 SYSTEMPATH\CodeIgniter.php(933): App\Controllers\Admin_siswa->index()
 8 SYSTEMPATH\CodeIgniter.php(507): CodeIgniter\CodeIgniter->runController(Object(App\Controllers\Admin_siswa))
 9 SYSTEMPATH\CodeIgniter.php(354): CodeIgniter\CodeIgniter->handleRequest(null, Object(Config\Cache), false)
10 SYSTEMPATH\Boot.php(334): CodeIgniter\CodeIgniter->run()
11 SYSTEMPATH\Boot.php(67): CodeIgniter\Boot::runCodeIgniter(Object(CodeIgniter\CodeIgniter))
12 FCPATH\index.php(59): CodeIgniter\Boot::bootWeb(Object(Config\Paths))
13 SYSTEMPATH\rewrite.php(44): require_once('D:\\laragon\\www\\app_sekolah_muhammadiyah\\public\\index.php')
DEBUG - 2025-05-21 02:57:18 --> Session: Class initialized using 'CodeIgniter\Session\Handlers\FileHandler' driver.
DEBUG - 2025-05-21 02:57:52 --> Session: Class initialized using 'CodeIgniter\Session\Handlers\FileHandler' driver.
DEBUG - 2025-05-21 02:59:41 --> Session: Class initialized using 'CodeIgniter\Session\Handlers\FileHandler' driver.
ERROR - 2025-05-21 02:59:41 --> mysqli_sql_exception: Table 'db_sds.sm_jabatan' doesn't exist in D:\laragon\www\app_sekolah_muhammadiyah\vendor\codeigniter4\framework\system\Database\MySQLi\Connection.php:327
Stack trace:
#0 D:\laragon\www\app_sekolah_muhammadiyah\vendor\codeigniter4\framework\system\Database\MySQLi\Connection.php(327): mysqli->query('SELECT *\nFROM `...', 0)
#1 D:\laragon\www\app_sekolah_muhammadiyah\vendor\codeigniter4\framework\system\Database\BaseConnection.php(738): CodeIgniter\Database\MySQLi\Connection->execute('SELECT *\nFROM `...')
#2 D:\laragon\www\app_sekolah_muhammadiyah\vendor\codeigniter4\framework\system\Database\BaseConnection.php(652): CodeIgniter\Database\BaseConnection->simpleQuery('SELECT *\nFROM `...')
#3 D:\laragon\www\app_sekolah_muhammadiyah\vendor\codeigniter4\framework\system\Database\BaseBuilder.php(1649): CodeIgniter\Database\BaseConnection->query('SELECT *\nFROM `...', Array, false)
#4 D:\laragon\www\app_sekolah_muhammadiyah\app\Models\Model_admin_jabatan.php(20): CodeIgniter\Database\BaseBuilder->get()
#5 D:\laragon\www\app_sekolah_muhammadiyah\app\Controllers\Admin_jabatan.php(23): App\Models\Model_admin_jabatan->getAll()
#6 D:\laragon\www\app_sekolah_muhammadiyah\vendor\codeigniter4\framework\system\CodeIgniter.php(933): App\Controllers\Admin_jabatan->index()
#7 D:\laragon\www\app_sekolah_muhammadiyah\vendor\codeigniter4\framework\system\CodeIgniter.php(507): CodeIgniter\CodeIgniter->runController(Object(App\Controllers\Admin_jabatan))
#8 D:\laragon\www\app_sekolah_muhammadiyah\vendor\codeigniter4\framework\system\CodeIgniter.php(354): CodeIgniter\CodeIgniter->handleRequest(NULL, Object(Config\Cache), false)
#9 D:\laragon\www\app_sekolah_muhammadiyah\vendor\codeigniter4\framework\system\Boot.php(334): CodeIgniter\CodeIgniter->run()
#10 D:\laragon\www\app_sekolah_muhammadiyah\vendor\codeigniter4\framework\system\Boot.php(67): CodeIgniter\Boot::runCodeIgniter(Object(CodeIgniter\CodeIgniter))
#11 D:\laragon\www\app_sekolah_muhammadiyah\public\index.php(59): CodeIgniter\Boot::bootWeb(Object(Config\Paths))
#12 D:\laragon\www\app_sekolah_muhammadiyah\vendor\codeigniter4\framework\system\rewrite.php(44): require_once('D:\\laragon\\www\\...')
#13 {main}
CRITICAL - 2025-05-21 02:59:41 --> CodeIgniter\Database\Exceptions\DatabaseException: Table 'db_sds.sm_jabatan' doesn't exist
[Method: GET, Route: admin_jabatan]
in SYSTEMPATH\Database\BaseConnection.php on line 692.
 1 SYSTEMPATH\Database\BaseBuilder.php(1649): CodeIgniter\Database\BaseConnection->query('SELECT *
FROM `sm_jabatan`
WHERE `sekolah_kode` = :sekolah_kode:', [...], false)
 2 APPPATH\Models\Model_admin_jabatan.php(20): CodeIgniter\Database\BaseBuilder->get()
 3 APPPATH\Controllers\Admin_jabatan.php(23): App\Models\Model_admin_jabatan->getAll()
 4 SYSTEMPATH\CodeIgniter.php(933): App\Controllers\Admin_jabatan->index()
 5 SYSTEMPATH\CodeIgniter.php(507): CodeIgniter\CodeIgniter->runController(Object(App\Controllers\Admin_jabatan))
 6 SYSTEMPATH\CodeIgniter.php(354): CodeIgniter\CodeIgniter->handleRequest(null, Object(Config\Cache), false)
 7 SYSTEMPATH\Boot.php(334): CodeIgniter\CodeIgniter->run()
 8 SYSTEMPATH\Boot.php(67): CodeIgniter\Boot::runCodeIgniter(Object(CodeIgniter\CodeIgniter))
 9 FCPATH\index.php(59): CodeIgniter\Boot::bootWeb(Object(Config\Paths))
10 SYSTEMPATH\rewrite.php(44): require_once('D:\\laragon\\www\\app_sekolah_muhammadiyah\\public\\index.php')
CRITICAL - 2025-05-21 02:59:41 --> [Caused by] CodeIgniter\Database\Exceptions\DatabaseException: Table 'db_sds.sm_jabatan' doesn't exist
in SYSTEMPATH\Database\MySQLi\Connection.php on line 332.
 1 SYSTEMPATH\Database\BaseConnection.php(738): CodeIgniter\Database\MySQLi\Connection->execute('SELECT *
FROM `sm_jabatan`
WHERE `sekolah_kode` = \'10001\'')
 2 SYSTEMPATH\Database\BaseConnection.php(652): CodeIgniter\Database\BaseConnection->simpleQuery('SELECT *
FROM `sm_jabatan`
WHERE `sekolah_kode` = \'10001\'')
 3 SYSTEMPATH\Database\BaseBuilder.php(1649): CodeIgniter\Database\BaseConnection->query('SELECT *
FROM `sm_jabatan`
WHERE `sekolah_kode` = :sekolah_kode:', [...], false)
 4 APPPATH\Models\Model_admin_jabatan.php(20): CodeIgniter\Database\BaseBuilder->get()
 5 APPPATH\Controllers\Admin_jabatan.php(23): App\Models\Model_admin_jabatan->getAll()
 6 SYSTEMPATH\CodeIgniter.php(933): App\Controllers\Admin_jabatan->index()
 7 SYSTEMPATH\CodeIgniter.php(507): CodeIgniter\CodeIgniter->runController(Object(App\Controllers\Admin_jabatan))
 8 SYSTEMPATH\CodeIgniter.php(354): CodeIgniter\CodeIgniter->handleRequest(null, Object(Config\Cache), false)
 9 SYSTEMPATH\Boot.php(334): CodeIgniter\CodeIgniter->run()
10 SYSTEMPATH\Boot.php(67): CodeIgniter\Boot::runCodeIgniter(Object(CodeIgniter\CodeIgniter))
11 FCPATH\index.php(59): CodeIgniter\Boot::bootWeb(Object(Config\Paths))
12 SYSTEMPATH\rewrite.php(44): require_once('D:\\laragon\\www\\app_sekolah_muhammadiyah\\public\\index.php')
CRITICAL - 2025-05-21 02:59:41 --> [Caused by] mysqli_sql_exception: Table 'db_sds.sm_jabatan' doesn't exist
in SYSTEMPATH\Database\MySQLi\Connection.php on line 327.
 1 SYSTEMPATH\Database\MySQLi\Connection.php(327): mysqli->query('SELECT *
FROM `sm_jabatan`
WHERE `sekolah_kode` = \'10001\'', 0)
 2 SYSTEMPATH\Database\BaseConnection.php(738): CodeIgniter\Database\MySQLi\Connection->execute('SELECT *
FROM `sm_jabatan`
WHERE `sekolah_kode` = \'10001\'')
 3 SYSTEMPATH\Database\BaseConnection.php(652): CodeIgniter\Database\BaseConnection->simpleQuery('SELECT *
FROM `sm_jabatan`
WHERE `sekolah_kode` = \'10001\'')
 4 SYSTEMPATH\Database\BaseBuilder.php(1649): CodeIgniter\Database\BaseConnection->query('SELECT *
FROM `sm_jabatan`
WHERE `sekolah_kode` = :sekolah_kode:', [...], false)
 5 APPPATH\Models\Model_admin_jabatan.php(20): CodeIgniter\Database\BaseBuilder->get()
 6 APPPATH\Controllers\Admin_jabatan.php(23): App\Models\Model_admin_jabatan->getAll()
 7 SYSTEMPATH\CodeIgniter.php(933): App\Controllers\Admin_jabatan->index()
 8 SYSTEMPATH\CodeIgniter.php(507): CodeIgniter\CodeIgniter->runController(Object(App\Controllers\Admin_jabatan))
 9 SYSTEMPATH\CodeIgniter.php(354): CodeIgniter\CodeIgniter->handleRequest(null, Object(Config\Cache), false)
10 SYSTEMPATH\Boot.php(334): CodeIgniter\CodeIgniter->run()
11 SYSTEMPATH\Boot.php(67): CodeIgniter\Boot::runCodeIgniter(Object(CodeIgniter\CodeIgniter))
12 FCPATH\index.php(59): CodeIgniter\Boot::bootWeb(Object(Config\Paths))
13 SYSTEMPATH\rewrite.php(44): require_once('D:\\laragon\\www\\app_sekolah_muhammadiyah\\public\\index.php')
DEBUG - 2025-05-21 02:59:44 --> Session: Class initialized using 'CodeIgniter\Session\Handlers\FileHandler' driver.
DEBUG - 2025-05-21 02:59:45 --> Session: Class initialized using 'CodeIgniter\Session\Handlers\FileHandler' driver.
ERROR - 2025-05-21 02:59:45 --> mysqli_sql_exception: Table 'db_sds.sm_siswa' doesn't exist in D:\laragon\www\app_sekolah_muhammadiyah\vendor\codeigniter4\framework\system\Database\MySQLi\Connection.php:327
Stack trace:
#0 D:\laragon\www\app_sekolah_muhammadiyah\vendor\codeigniter4\framework\system\Database\MySQLi\Connection.php(327): mysqli->query('SELECT `sm_sisw...', 0)
#1 D:\laragon\www\app_sekolah_muhammadiyah\vendor\codeigniter4\framework\system\Database\BaseConnection.php(738): CodeIgniter\Database\MySQLi\Connection->execute('SELECT `sm_sisw...')
#2 D:\laragon\www\app_sekolah_muhammadiyah\vendor\codeigniter4\framework\system\Database\BaseConnection.php(652): CodeIgniter\Database\BaseConnection->simpleQuery('SELECT `sm_sisw...')
#3 D:\laragon\www\app_sekolah_muhammadiyah\vendor\codeigniter4\framework\system\Database\BaseBuilder.php(1649): CodeIgniter\Database\BaseConnection->query('SELECT `sm_sisw...', Array, false)
#4 D:\laragon\www\app_sekolah_muhammadiyah\app\Models\Model_admin_siswa.php(29): CodeIgniter\Database\BaseBuilder->get()
#5 D:\laragon\www\app_sekolah_muhammadiyah\app\Controllers\Admin_siswa.php(29): App\Models\Model_admin_siswa->getSiswa()
#6 D:\laragon\www\app_sekolah_muhammadiyah\vendor\codeigniter4\framework\system\CodeIgniter.php(933): App\Controllers\Admin_siswa->index()
#7 D:\laragon\www\app_sekolah_muhammadiyah\vendor\codeigniter4\framework\system\CodeIgniter.php(507): CodeIgniter\CodeIgniter->runController(Object(App\Controllers\Admin_siswa))
#8 D:\laragon\www\app_sekolah_muhammadiyah\vendor\codeigniter4\framework\system\CodeIgniter.php(354): CodeIgniter\CodeIgniter->handleRequest(NULL, Object(Config\Cache), false)
#9 D:\laragon\www\app_sekolah_muhammadiyah\vendor\codeigniter4\framework\system\Boot.php(334): CodeIgniter\CodeIgniter->run()
#10 D:\laragon\www\app_sekolah_muhammadiyah\vendor\codeigniter4\framework\system\Boot.php(67): CodeIgniter\Boot::runCodeIgniter(Object(CodeIgniter\CodeIgniter))
#11 D:\laragon\www\app_sekolah_muhammadiyah\public\index.php(59): CodeIgniter\Boot::bootWeb(Object(Config\Paths))
#12 D:\laragon\www\app_sekolah_muhammadiyah\vendor\codeigniter4\framework\system\rewrite.php(44): require_once('D:\\laragon\\www\\...')
#13 {main}
CRITICAL - 2025-05-21 02:59:45 --> CodeIgniter\Database\Exceptions\DatabaseException: Table 'db_sds.sm_siswa' doesn't exist
[Method: GET, Route: admin_siswa]
in SYSTEMPATH\Database\BaseConnection.php on line 692.
 1 SYSTEMPATH\Database\BaseBuilder.php(1649): CodeIgniter\Database\BaseConnection->query('SELECT `sm_siswa`.*, `sm_bentuk_pendidikan`.`bentuk_pendidikan`, `sm_kelas`.`nama_kelas`, `sm_users`.*
FROM `sm_siswa`
LEFT JOIN `sm_bentuk_pendidikan` ON `sm_bentuk_pendidikan`.`id_bentuk_pendidikan` = `sm_siswa`.`bentuk_pendidikan_id`
LEFT JOIN `sm_kelas` ON `sm_kelas`.`id_kelas` = `sm_siswa`.`kelas_id`
LEFT JOIN `sm_users` ON `sm_users`.`kode_person` = `sm_siswa`.`nis`', [], false)
 2 APPPATH\Models\Model_admin_siswa.php(29): CodeIgniter\Database\BaseBuilder->get()
 3 APPPATH\Controllers\Admin_siswa.php(29): App\Models\Model_admin_siswa->getSiswa()
 4 SYSTEMPATH\CodeIgniter.php(933): App\Controllers\Admin_siswa->index()
 5 SYSTEMPATH\CodeIgniter.php(507): CodeIgniter\CodeIgniter->runController(Object(App\Controllers\Admin_siswa))
 6 SYSTEMPATH\CodeIgniter.php(354): CodeIgniter\CodeIgniter->handleRequest(null, Object(Config\Cache), false)
 7 SYSTEMPATH\Boot.php(334): CodeIgniter\CodeIgniter->run()
 8 SYSTEMPATH\Boot.php(67): CodeIgniter\Boot::runCodeIgniter(Object(CodeIgniter\CodeIgniter))
 9 FCPATH\index.php(59): CodeIgniter\Boot::bootWeb(Object(Config\Paths))
10 SYSTEMPATH\rewrite.php(44): require_once('D:\\laragon\\www\\app_sekolah_muhammadiyah\\public\\index.php')
CRITICAL - 2025-05-21 02:59:45 --> [Caused by] CodeIgniter\Database\Exceptions\DatabaseException: Table 'db_sds.sm_siswa' doesn't exist
in SYSTEMPATH\Database\MySQLi\Connection.php on line 332.
 1 SYSTEMPATH\Database\BaseConnection.php(738): CodeIgniter\Database\MySQLi\Connection->execute('SELECT `sm_siswa`.*, `sm_bentuk_pendidikan`.`bentuk_pendidikan`, `sm_kelas`.`nama_kelas`, `sm_users`.*
FROM `sm_siswa`
LEFT JOIN `sm_bentuk_pendidikan` ON `sm_bentuk_pendidikan`.`id_bentuk_pendidikan` = `sm_siswa`.`bentuk_pendidikan_id`
LEFT JOIN `sm_kelas` ON `sm_kelas`.`id_kelas` = `sm_siswa`.`kelas_id`
LEFT JOIN `sm_users` ON `sm_users`.`kode_person` = `sm_siswa`.`nis`')
 2 SYSTEMPATH\Database\BaseConnection.php(652): CodeIgniter\Database\BaseConnection->simpleQuery('SELECT `sm_siswa`.*, `sm_bentuk_pendidikan`.`bentuk_pendidikan`, `sm_kelas`.`nama_kelas`, `sm_users`.*
FROM `sm_siswa`
LEFT JOIN `sm_bentuk_pendidikan` ON `sm_bentuk_pendidikan`.`id_bentuk_pendidikan` = `sm_siswa`.`bentuk_pendidikan_id`
LEFT JOIN `sm_kelas` ON `sm_kelas`.`id_kelas` = `sm_siswa`.`kelas_id`
LEFT JOIN `sm_users` ON `sm_users`.`kode_person` = `sm_siswa`.`nis`')
 3 SYSTEMPATH\Database\BaseBuilder.php(1649): CodeIgniter\Database\BaseConnection->query('SELECT `sm_siswa`.*, `sm_bentuk_pendidikan`.`bentuk_pendidikan`, `sm_kelas`.`nama_kelas`, `sm_users`.*
FROM `sm_siswa`
LEFT JOIN `sm_bentuk_pendidikan` ON `sm_bentuk_pendidikan`.`id_bentuk_pendidikan` = `sm_siswa`.`bentuk_pendidikan_id`
LEFT JOIN `sm_kelas` ON `sm_kelas`.`id_kelas` = `sm_siswa`.`kelas_id`
LEFT JOIN `sm_users` ON `sm_users`.`kode_person` = `sm_siswa`.`nis`', [], false)
 4 APPPATH\Models\Model_admin_siswa.php(29): CodeIgniter\Database\BaseBuilder->get()
 5 APPPATH\Controllers\Admin_siswa.php(29): App\Models\Model_admin_siswa->getSiswa()
 6 SYSTEMPATH\CodeIgniter.php(933): App\Controllers\Admin_siswa->index()
 7 SYSTEMPATH\CodeIgniter.php(507): CodeIgniter\CodeIgniter->runController(Object(App\Controllers\Admin_siswa))
 8 SYSTEMPATH\CodeIgniter.php(354): CodeIgniter\CodeIgniter->handleRequest(null, Object(Config\Cache), false)
 9 SYSTEMPATH\Boot.php(334): CodeIgniter\CodeIgniter->run()
10 SYSTEMPATH\Boot.php(67): CodeIgniter\Boot::runCodeIgniter(Object(CodeIgniter\CodeIgniter))
11 FCPATH\index.php(59): CodeIgniter\Boot::bootWeb(Object(Config\Paths))
12 SYSTEMPATH\rewrite.php(44): require_once('D:\\laragon\\www\\app_sekolah_muhammadiyah\\public\\index.php')
CRITICAL - 2025-05-21 02:59:45 --> [Caused by] mysqli_sql_exception: Table 'db_sds.sm_siswa' doesn't exist
in SYSTEMPATH\Database\MySQLi\Connection.php on line 327.
 1 SYSTEMPATH\Database\MySQLi\Connection.php(327): mysqli->query('SELECT `sm_siswa`.*, `sm_bentuk_pendidikan`.`bentuk_pendidikan`, `sm_kelas`.`nama_kelas`, `sm_users`.*
FROM `sm_siswa`
LEFT JOIN `sm_bentuk_pendidikan` ON `sm_bentuk_pendidikan`.`id_bentuk_pendidikan` = `sm_siswa`.`bentuk_pendidikan_id`
LEFT JOIN `sm_kelas` ON `sm_kelas`.`id_kelas` = `sm_siswa`.`kelas_id`
LEFT JOIN `sm_users` ON `sm_users`.`kode_person` = `sm_siswa`.`nis`', 0)
 2 SYSTEMPATH\Database\BaseConnection.php(738): CodeIgniter\Database\MySQLi\Connection->execute('SELECT `sm_siswa`.*, `sm_bentuk_pendidikan`.`bentuk_pendidikan`, `sm_kelas`.`nama_kelas`, `sm_users`.*
FROM `sm_siswa`
LEFT JOIN `sm_bentuk_pendidikan` ON `sm_bentuk_pendidikan`.`id_bentuk_pendidikan` = `sm_siswa`.`bentuk_pendidikan_id`
LEFT JOIN `sm_kelas` ON `sm_kelas`.`id_kelas` = `sm_siswa`.`kelas_id`
LEFT JOIN `sm_users` ON `sm_users`.`kode_person` = `sm_siswa`.`nis`')
 3 SYSTEMPATH\Database\BaseConnection.php(652): CodeIgniter\Database\BaseConnection->simpleQuery('SELECT `sm_siswa`.*, `sm_bentuk_pendidikan`.`bentuk_pendidikan`, `sm_kelas`.`nama_kelas`, `sm_users`.*
FROM `sm_siswa`
LEFT JOIN `sm_bentuk_pendidikan` ON `sm_bentuk_pendidikan`.`id_bentuk_pendidikan` = `sm_siswa`.`bentuk_pendidikan_id`
LEFT JOIN `sm_kelas` ON `sm_kelas`.`id_kelas` = `sm_siswa`.`kelas_id`
LEFT JOIN `sm_users` ON `sm_users`.`kode_person` = `sm_siswa`.`nis`')
 4 SYSTEMPATH\Database\BaseBuilder.php(1649): CodeIgniter\Database\BaseConnection->query('SELECT `sm_siswa`.*, `sm_bentuk_pendidikan`.`bentuk_pendidikan`, `sm_kelas`.`nama_kelas`, `sm_users`.*
FROM `sm_siswa`
LEFT JOIN `sm_bentuk_pendidikan` ON `sm_bentuk_pendidikan`.`id_bentuk_pendidikan` = `sm_siswa`.`bentuk_pendidikan_id`
LEFT JOIN `sm_kelas` ON `sm_kelas`.`id_kelas` = `sm_siswa`.`kelas_id`
LEFT JOIN `sm_users` ON `sm_users`.`kode_person` = `sm_siswa`.`nis`', [], false)
 5 APPPATH\Models\Model_admin_siswa.php(29): CodeIgniter\Database\BaseBuilder->get()
 6 APPPATH\Controllers\Admin_siswa.php(29): App\Models\Model_admin_siswa->getSiswa()
 7 SYSTEMPATH\CodeIgniter.php(933): App\Controllers\Admin_siswa->index()
 8 SYSTEMPATH\CodeIgniter.php(507): CodeIgniter\CodeIgniter->runController(Object(App\Controllers\Admin_siswa))
 9 SYSTEMPATH\CodeIgniter.php(354): CodeIgniter\CodeIgniter->handleRequest(null, Object(Config\Cache), false)
10 SYSTEMPATH\Boot.php(334): CodeIgniter\CodeIgniter->run()
11 SYSTEMPATH\Boot.php(67): CodeIgniter\Boot::runCodeIgniter(Object(CodeIgniter\CodeIgniter))
12 FCPATH\index.php(59): CodeIgniter\Boot::bootWeb(Object(Config\Paths))
13 SYSTEMPATH\rewrite.php(44): require_once('D:\\laragon\\www\\app_sekolah_muhammadiyah\\public\\index.php')
DEBUG - 2025-05-21 02:59:50 --> Session: Class initialized using 'CodeIgniter\Session\Handlers\FileHandler' driver.
DEBUG - 2025-05-21 02:59:52 --> Session: Class initialized using 'CodeIgniter\Session\Handlers\FileHandler' driver.
ERROR - 2025-05-21 02:59:52 --> mysqli_sql_exception: Table 'db_sds.sm_siswa' doesn't exist in D:\laragon\www\app_sekolah_muhammadiyah\vendor\codeigniter4\framework\system\Database\MySQLi\Connection.php:327
Stack trace:
#0 D:\laragon\www\app_sekolah_muhammadiyah\vendor\codeigniter4\framework\system\Database\MySQLi\Connection.php(327): mysqli->query('SELECT `sm_sisw...', 0)
#1 D:\laragon\www\app_sekolah_muhammadiyah\vendor\codeigniter4\framework\system\Database\BaseConnection.php(738): CodeIgniter\Database\MySQLi\Connection->execute('SELECT `sm_sisw...')
#2 D:\laragon\www\app_sekolah_muhammadiyah\vendor\codeigniter4\framework\system\Database\BaseConnection.php(652): CodeIgniter\Database\BaseConnection->simpleQuery('SELECT `sm_sisw...')
#3 D:\laragon\www\app_sekolah_muhammadiyah\vendor\codeigniter4\framework\system\Database\BaseBuilder.php(1649): CodeIgniter\Database\BaseConnection->query('SELECT `sm_sisw...', Array, false)
#4 D:\laragon\www\app_sekolah_muhammadiyah\app\Models\Model_admin_siswa.php(29): CodeIgniter\Database\BaseBuilder->get()
#5 D:\laragon\www\app_sekolah_muhammadiyah\app\Controllers\Admin_siswa.php(29): App\Models\Model_admin_siswa->getSiswa()
#6 D:\laragon\www\app_sekolah_muhammadiyah\vendor\codeigniter4\framework\system\CodeIgniter.php(933): App\Controllers\Admin_siswa->index()
#7 D:\laragon\www\app_sekolah_muhammadiyah\vendor\codeigniter4\framework\system\CodeIgniter.php(507): CodeIgniter\CodeIgniter->runController(Object(App\Controllers\Admin_siswa))
#8 D:\laragon\www\app_sekolah_muhammadiyah\vendor\codeigniter4\framework\system\CodeIgniter.php(354): CodeIgniter\CodeIgniter->handleRequest(NULL, Object(Config\Cache), false)
#9 D:\laragon\www\app_sekolah_muhammadiyah\vendor\codeigniter4\framework\system\Boot.php(334): CodeIgniter\CodeIgniter->run()
#10 D:\laragon\www\app_sekolah_muhammadiyah\vendor\codeigniter4\framework\system\Boot.php(67): CodeIgniter\Boot::runCodeIgniter(Object(CodeIgniter\CodeIgniter))
#11 D:\laragon\www\app_sekolah_muhammadiyah\public\index.php(59): CodeIgniter\Boot::bootWeb(Object(Config\Paths))
#12 D:\laragon\www\app_sekolah_muhammadiyah\vendor\codeigniter4\framework\system\rewrite.php(44): require_once('D:\\laragon\\www\\...')
#13 {main}
CRITICAL - 2025-05-21 02:59:52 --> CodeIgniter\Database\Exceptions\DatabaseException: Table 'db_sds.sm_siswa' doesn't exist
[Method: GET, Route: admin_siswa]
in SYSTEMPATH\Database\BaseConnection.php on line 692.
 1 SYSTEMPATH\Database\BaseBuilder.php(1649): CodeIgniter\Database\BaseConnection->query('SELECT `sm_siswa`.*, `sm_bentuk_pendidikan`.`bentuk_pendidikan`, `sm_kelas`.`nama_kelas`, `sm_users`.*
FROM `sm_siswa`
LEFT JOIN `sm_bentuk_pendidikan` ON `sm_bentuk_pendidikan`.`id_bentuk_pendidikan` = `sm_siswa`.`bentuk_pendidikan_id`
LEFT JOIN `sm_kelas` ON `sm_kelas`.`id_kelas` = `sm_siswa`.`kelas_id`
LEFT JOIN `sm_users` ON `sm_users`.`kode_person` = `sm_siswa`.`nis`', [], false)
 2 APPPATH\Models\Model_admin_siswa.php(29): CodeIgniter\Database\BaseBuilder->get()
 3 APPPATH\Controllers\Admin_siswa.php(29): App\Models\Model_admin_siswa->getSiswa()
 4 SYSTEMPATH\CodeIgniter.php(933): App\Controllers\Admin_siswa->index()
 5 SYSTEMPATH\CodeIgniter.php(507): CodeIgniter\CodeIgniter->runController(Object(App\Controllers\Admin_siswa))
 6 SYSTEMPATH\CodeIgniter.php(354): CodeIgniter\CodeIgniter->handleRequest(null, Object(Config\Cache), false)
 7 SYSTEMPATH\Boot.php(334): CodeIgniter\CodeIgniter->run()
 8 SYSTEMPATH\Boot.php(67): CodeIgniter\Boot::runCodeIgniter(Object(CodeIgniter\CodeIgniter))
 9 FCPATH\index.php(59): CodeIgniter\Boot::bootWeb(Object(Config\Paths))
10 SYSTEMPATH\rewrite.php(44): require_once('D:\\laragon\\www\\app_sekolah_muhammadiyah\\public\\index.php')
CRITICAL - 2025-05-21 02:59:52 --> [Caused by] CodeIgniter\Database\Exceptions\DatabaseException: Table 'db_sds.sm_siswa' doesn't exist
in SYSTEMPATH\Database\MySQLi\Connection.php on line 332.
 1 SYSTEMPATH\Database\BaseConnection.php(738): CodeIgniter\Database\MySQLi\Connection->execute('SELECT `sm_siswa`.*, `sm_bentuk_pendidikan`.`bentuk_pendidikan`, `sm_kelas`.`nama_kelas`, `sm_users`.*
FROM `sm_siswa`
LEFT JOIN `sm_bentuk_pendidikan` ON `sm_bentuk_pendidikan`.`id_bentuk_pendidikan` = `sm_siswa`.`bentuk_pendidikan_id`
LEFT JOIN `sm_kelas` ON `sm_kelas`.`id_kelas` = `sm_siswa`.`kelas_id`
LEFT JOIN `sm_users` ON `sm_users`.`kode_person` = `sm_siswa`.`nis`')
 2 SYSTEMPATH\Database\BaseConnection.php(652): CodeIgniter\Database\BaseConnection->simpleQuery('SELECT `sm_siswa`.*, `sm_bentuk_pendidikan`.`bentuk_pendidikan`, `sm_kelas`.`nama_kelas`, `sm_users`.*
FROM `sm_siswa`
LEFT JOIN `sm_bentuk_pendidikan` ON `sm_bentuk_pendidikan`.`id_bentuk_pendidikan` = `sm_siswa`.`bentuk_pendidikan_id`
LEFT JOIN `sm_kelas` ON `sm_kelas`.`id_kelas` = `sm_siswa`.`kelas_id`
LEFT JOIN `sm_users` ON `sm_users`.`kode_person` = `sm_siswa`.`nis`')
 3 SYSTEMPATH\Database\BaseBuilder.php(1649): CodeIgniter\Database\BaseConnection->query('SELECT `sm_siswa`.*, `sm_bentuk_pendidikan`.`bentuk_pendidikan`, `sm_kelas`.`nama_kelas`, `sm_users`.*
FROM `sm_siswa`
LEFT JOIN `sm_bentuk_pendidikan` ON `sm_bentuk_pendidikan`.`id_bentuk_pendidikan` = `sm_siswa`.`bentuk_pendidikan_id`
LEFT JOIN `sm_kelas` ON `sm_kelas`.`id_kelas` = `sm_siswa`.`kelas_id`
LEFT JOIN `sm_users` ON `sm_users`.`kode_person` = `sm_siswa`.`nis`', [], false)
 4 APPPATH\Models\Model_admin_siswa.php(29): CodeIgniter\Database\BaseBuilder->get()
 5 APPPATH\Controllers\Admin_siswa.php(29): App\Models\Model_admin_siswa->getSiswa()
 6 SYSTEMPATH\CodeIgniter.php(933): App\Controllers\Admin_siswa->index()
 7 SYSTEMPATH\CodeIgniter.php(507): CodeIgniter\CodeIgniter->runController(Object(App\Controllers\Admin_siswa))
 8 SYSTEMPATH\CodeIgniter.php(354): CodeIgniter\CodeIgniter->handleRequest(null, Object(Config\Cache), false)
 9 SYSTEMPATH\Boot.php(334): CodeIgniter\CodeIgniter->run()
10 SYSTEMPATH\Boot.php(67): CodeIgniter\Boot::runCodeIgniter(Object(CodeIgniter\CodeIgniter))
11 FCPATH\index.php(59): CodeIgniter\Boot::bootWeb(Object(Config\Paths))
12 SYSTEMPATH\rewrite.php(44): require_once('D:\\laragon\\www\\app_sekolah_muhammadiyah\\public\\index.php')
CRITICAL - 2025-05-21 02:59:52 --> [Caused by] mysqli_sql_exception: Table 'db_sds.sm_siswa' doesn't exist
in SYSTEMPATH\Database\MySQLi\Connection.php on line 327.
 1 SYSTEMPATH\Database\MySQLi\Connection.php(327): mysqli->query('SELECT `sm_siswa`.*, `sm_bentuk_pendidikan`.`bentuk_pendidikan`, `sm_kelas`.`nama_kelas`, `sm_users`.*
FROM `sm_siswa`
LEFT JOIN `sm_bentuk_pendidikan` ON `sm_bentuk_pendidikan`.`id_bentuk_pendidikan` = `sm_siswa`.`bentuk_pendidikan_id`
LEFT JOIN `sm_kelas` ON `sm_kelas`.`id_kelas` = `sm_siswa`.`kelas_id`
LEFT JOIN `sm_users` ON `sm_users`.`kode_person` = `sm_siswa`.`nis`', 0)
 2 SYSTEMPATH\Database\BaseConnection.php(738): CodeIgniter\Database\MySQLi\Connection->execute('SELECT `sm_siswa`.*, `sm_bentuk_pendidikan`.`bentuk_pendidikan`, `sm_kelas`.`nama_kelas`, `sm_users`.*
FROM `sm_siswa`
LEFT JOIN `sm_bentuk_pendidikan` ON `sm_bentuk_pendidikan`.`id_bentuk_pendidikan` = `sm_siswa`.`bentuk_pendidikan_id`
LEFT JOIN `sm_kelas` ON `sm_kelas`.`id_kelas` = `sm_siswa`.`kelas_id`
LEFT JOIN `sm_users` ON `sm_users`.`kode_person` = `sm_siswa`.`nis`')
 3 SYSTEMPATH\Database\BaseConnection.php(652): CodeIgniter\Database\BaseConnection->simpleQuery('SELECT `sm_siswa`.*, `sm_bentuk_pendidikan`.`bentuk_pendidikan`, `sm_kelas`.`nama_kelas`, `sm_users`.*
FROM `sm_siswa`
LEFT JOIN `sm_bentuk_pendidikan` ON `sm_bentuk_pendidikan`.`id_bentuk_pendidikan` = `sm_siswa`.`bentuk_pendidikan_id`
LEFT JOIN `sm_kelas` ON `sm_kelas`.`id_kelas` = `sm_siswa`.`kelas_id`
LEFT JOIN `sm_users` ON `sm_users`.`kode_person` = `sm_siswa`.`nis`')
 4 SYSTEMPATH\Database\BaseBuilder.php(1649): CodeIgniter\Database\BaseConnection->query('SELECT `sm_siswa`.*, `sm_bentuk_pendidikan`.`bentuk_pendidikan`, `sm_kelas`.`nama_kelas`, `sm_users`.*
FROM `sm_siswa`
LEFT JOIN `sm_bentuk_pendidikan` ON `sm_bentuk_pendidikan`.`id_bentuk_pendidikan` = `sm_siswa`.`bentuk_pendidikan_id`
LEFT JOIN `sm_kelas` ON `sm_kelas`.`id_kelas` = `sm_siswa`.`kelas_id`
LEFT JOIN `sm_users` ON `sm_users`.`kode_person` = `sm_siswa`.`nis`', [], false)
 5 APPPATH\Models\Model_admin_siswa.php(29): CodeIgniter\Database\BaseBuilder->get()
 6 APPPATH\Controllers\Admin_siswa.php(29): App\Models\Model_admin_siswa->getSiswa()
 7 SYSTEMPATH\CodeIgniter.php(933): App\Controllers\Admin_siswa->index()
 8 SYSTEMPATH\CodeIgniter.php(507): CodeIgniter\CodeIgniter->runController(Object(App\Controllers\Admin_siswa))
 9 SYSTEMPATH\CodeIgniter.php(354): CodeIgniter\CodeIgniter->handleRequest(null, Object(Config\Cache), false)
10 SYSTEMPATH\Boot.php(334): CodeIgniter\CodeIgniter->run()
11 SYSTEMPATH\Boot.php(67): CodeIgniter\Boot::runCodeIgniter(Object(CodeIgniter\CodeIgniter))
12 FCPATH\index.php(59): CodeIgniter\Boot::bootWeb(Object(Config\Paths))
13 SYSTEMPATH\rewrite.php(44): require_once('D:\\laragon\\www\\app_sekolah_muhammadiyah\\public\\index.php')
DEBUG - 2025-05-21 03:00:00 --> Session: Class initialized using 'CodeIgniter\Session\Handlers\FileHandler' driver.
DEBUG - 2025-05-21 03:00:01 --> Session: Class initialized using 'CodeIgniter\Session\Handlers\FileHandler' driver.
ERROR - 2025-05-21 03:00:01 --> mysqli_sql_exception: Table 'db_sds.sm_siswa' doesn't exist in D:\laragon\www\app_sekolah_muhammadiyah\vendor\codeigniter4\framework\system\Database\MySQLi\Connection.php:327
Stack trace:
#0 D:\laragon\www\app_sekolah_muhammadiyah\vendor\codeigniter4\framework\system\Database\MySQLi\Connection.php(327): mysqli->query('SELECT `sm_sisw...', 0)
#1 D:\laragon\www\app_sekolah_muhammadiyah\vendor\codeigniter4\framework\system\Database\BaseConnection.php(738): CodeIgniter\Database\MySQLi\Connection->execute('SELECT `sm_sisw...')
#2 D:\laragon\www\app_sekolah_muhammadiyah\vendor\codeigniter4\framework\system\Database\BaseConnection.php(652): CodeIgniter\Database\BaseConnection->simpleQuery('SELECT `sm_sisw...')
#3 D:\laragon\www\app_sekolah_muhammadiyah\vendor\codeigniter4\framework\system\Database\BaseBuilder.php(1649): CodeIgniter\Database\BaseConnection->query('SELECT `sm_sisw...', Array, false)
#4 D:\laragon\www\app_sekolah_muhammadiyah\app\Models\Model_admin_siswa.php(29): CodeIgniter\Database\BaseBuilder->get()
#5 D:\laragon\www\app_sekolah_muhammadiyah\app\Controllers\Admin_siswa.php(29): App\Models\Model_admin_siswa->getSiswa()
#6 D:\laragon\www\app_sekolah_muhammadiyah\vendor\codeigniter4\framework\system\CodeIgniter.php(933): App\Controllers\Admin_siswa->index()
#7 D:\laragon\www\app_sekolah_muhammadiyah\vendor\codeigniter4\framework\system\CodeIgniter.php(507): CodeIgniter\CodeIgniter->runController(Object(App\Controllers\Admin_siswa))
#8 D:\laragon\www\app_sekolah_muhammadiyah\vendor\codeigniter4\framework\system\CodeIgniter.php(354): CodeIgniter\CodeIgniter->handleRequest(NULL, Object(Config\Cache), false)
#9 D:\laragon\www\app_sekolah_muhammadiyah\vendor\codeigniter4\framework\system\Boot.php(334): CodeIgniter\CodeIgniter->run()
#10 D:\laragon\www\app_sekolah_muhammadiyah\vendor\codeigniter4\framework\system\Boot.php(67): CodeIgniter\Boot::runCodeIgniter(Object(CodeIgniter\CodeIgniter))
#11 D:\laragon\www\app_sekolah_muhammadiyah\public\index.php(59): CodeIgniter\Boot::bootWeb(Object(Config\Paths))
#12 D:\laragon\www\app_sekolah_muhammadiyah\vendor\codeigniter4\framework\system\rewrite.php(44): require_once('D:\\laragon\\www\\...')
#13 {main}
CRITICAL - 2025-05-21 03:00:01 --> CodeIgniter\Database\Exceptions\DatabaseException: Table 'db_sds.sm_siswa' doesn't exist
[Method: GET, Route: admin_siswa]
in SYSTEMPATH\Database\BaseConnection.php on line 692.
 1 SYSTEMPATH\Database\BaseBuilder.php(1649): CodeIgniter\Database\BaseConnection->query('SELECT `sm_siswa`.*, `sm_bentuk_pendidikan`.`bentuk_pendidikan`, `sm_kelas`.`nama_kelas`, `sm_users`.*
FROM `sm_siswa`
LEFT JOIN `sm_bentuk_pendidikan` ON `sm_bentuk_pendidikan`.`id_bentuk_pendidikan` = `sm_siswa`.`bentuk_pendidikan_id`
LEFT JOIN `sm_kelas` ON `sm_kelas`.`id_kelas` = `sm_siswa`.`kelas_id`
LEFT JOIN `sm_users` ON `sm_users`.`kode_person` = `sm_siswa`.`nis`', [], false)
 2 APPPATH\Models\Model_admin_siswa.php(29): CodeIgniter\Database\BaseBuilder->get()
 3 APPPATH\Controllers\Admin_siswa.php(29): App\Models\Model_admin_siswa->getSiswa()
 4 SYSTEMPATH\CodeIgniter.php(933): App\Controllers\Admin_siswa->index()
 5 SYSTEMPATH\CodeIgniter.php(507): CodeIgniter\CodeIgniter->runController(Object(App\Controllers\Admin_siswa))
 6 SYSTEMPATH\CodeIgniter.php(354): CodeIgniter\CodeIgniter->handleRequest(null, Object(Config\Cache), false)
 7 SYSTEMPATH\Boot.php(334): CodeIgniter\CodeIgniter->run()
 8 SYSTEMPATH\Boot.php(67): CodeIgniter\Boot::runCodeIgniter(Object(CodeIgniter\CodeIgniter))
 9 FCPATH\index.php(59): CodeIgniter\Boot::bootWeb(Object(Config\Paths))
10 SYSTEMPATH\rewrite.php(44): require_once('D:\\laragon\\www\\app_sekolah_muhammadiyah\\public\\index.php')
CRITICAL - 2025-05-21 03:00:01 --> [Caused by] CodeIgniter\Database\Exceptions\DatabaseException: Table 'db_sds.sm_siswa' doesn't exist
in SYSTEMPATH\Database\MySQLi\Connection.php on line 332.
 1 SYSTEMPATH\Database\BaseConnection.php(738): CodeIgniter\Database\MySQLi\Connection->execute('SELECT `sm_siswa`.*, `sm_bentuk_pendidikan`.`bentuk_pendidikan`, `sm_kelas`.`nama_kelas`, `sm_users`.*
FROM `sm_siswa`
LEFT JOIN `sm_bentuk_pendidikan` ON `sm_bentuk_pendidikan`.`id_bentuk_pendidikan` = `sm_siswa`.`bentuk_pendidikan_id`
LEFT JOIN `sm_kelas` ON `sm_kelas`.`id_kelas` = `sm_siswa`.`kelas_id`
LEFT JOIN `sm_users` ON `sm_users`.`kode_person` = `sm_siswa`.`nis`')
 2 SYSTEMPATH\Database\BaseConnection.php(652): CodeIgniter\Database\BaseConnection->simpleQuery('SELECT `sm_siswa`.*, `sm_bentuk_pendidikan`.`bentuk_pendidikan`, `sm_kelas`.`nama_kelas`, `sm_users`.*
FROM `sm_siswa`
LEFT JOIN `sm_bentuk_pendidikan` ON `sm_bentuk_pendidikan`.`id_bentuk_pendidikan` = `sm_siswa`.`bentuk_pendidikan_id`
LEFT JOIN `sm_kelas` ON `sm_kelas`.`id_kelas` = `sm_siswa`.`kelas_id`
LEFT JOIN `sm_users` ON `sm_users`.`kode_person` = `sm_siswa`.`nis`')
 3 SYSTEMPATH\Database\BaseBuilder.php(1649): CodeIgniter\Database\BaseConnection->query('SELECT `sm_siswa`.*, `sm_bentuk_pendidikan`.`bentuk_pendidikan`, `sm_kelas`.`nama_kelas`, `sm_users`.*
FROM `sm_siswa`
LEFT JOIN `sm_bentuk_pendidikan` ON `sm_bentuk_pendidikan`.`id_bentuk_pendidikan` = `sm_siswa`.`bentuk_pendidikan_id`
LEFT JOIN `sm_kelas` ON `sm_kelas`.`id_kelas` = `sm_siswa`.`kelas_id`
LEFT JOIN `sm_users` ON `sm_users`.`kode_person` = `sm_siswa`.`nis`', [], false)
 4 APPPATH\Models\Model_admin_siswa.php(29): CodeIgniter\Database\BaseBuilder->get()
 5 APPPATH\Controllers\Admin_siswa.php(29): App\Models\Model_admin_siswa->getSiswa()
 6 SYSTEMPATH\CodeIgniter.php(933): App\Controllers\Admin_siswa->index()
 7 SYSTEMPATH\CodeIgniter.php(507): CodeIgniter\CodeIgniter->runController(Object(App\Controllers\Admin_siswa))
 8 SYSTEMPATH\CodeIgniter.php(354): CodeIgniter\CodeIgniter->handleRequest(null, Object(Config\Cache), false)
 9 SYSTEMPATH\Boot.php(334): CodeIgniter\CodeIgniter->run()
10 SYSTEMPATH\Boot.php(67): CodeIgniter\Boot::runCodeIgniter(Object(CodeIgniter\CodeIgniter))
11 FCPATH\index.php(59): CodeIgniter\Boot::bootWeb(Object(Config\Paths))
12 SYSTEMPATH\rewrite.php(44): require_once('D:\\laragon\\www\\app_sekolah_muhammadiyah\\public\\index.php')
CRITICAL - 2025-05-21 03:00:01 --> [Caused by] mysqli_sql_exception: Table 'db_sds.sm_siswa' doesn't exist
in SYSTEMPATH\Database\MySQLi\Connection.php on line 327.
 1 SYSTEMPATH\Database\MySQLi\Connection.php(327): mysqli->query('SELECT `sm_siswa`.*, `sm_bentuk_pendidikan`.`bentuk_pendidikan`, `sm_kelas`.`nama_kelas`, `sm_users`.*
FROM `sm_siswa`
LEFT JOIN `sm_bentuk_pendidikan` ON `sm_bentuk_pendidikan`.`id_bentuk_pendidikan` = `sm_siswa`.`bentuk_pendidikan_id`
LEFT JOIN `sm_kelas` ON `sm_kelas`.`id_kelas` = `sm_siswa`.`kelas_id`
LEFT JOIN `sm_users` ON `sm_users`.`kode_person` = `sm_siswa`.`nis`', 0)
 2 SYSTEMPATH\Database\BaseConnection.php(738): CodeIgniter\Database\MySQLi\Connection->execute('SELECT `sm_siswa`.*, `sm_bentuk_pendidikan`.`bentuk_pendidikan`, `sm_kelas`.`nama_kelas`, `sm_users`.*
FROM `sm_siswa`
LEFT JOIN `sm_bentuk_pendidikan` ON `sm_bentuk_pendidikan`.`id_bentuk_pendidikan` = `sm_siswa`.`bentuk_pendidikan_id`
LEFT JOIN `sm_kelas` ON `sm_kelas`.`id_kelas` = `sm_siswa`.`kelas_id`
LEFT JOIN `sm_users` ON `sm_users`.`kode_person` = `sm_siswa`.`nis`')
 3 SYSTEMPATH\Database\BaseConnection.php(652): CodeIgniter\Database\BaseConnection->simpleQuery('SELECT `sm_siswa`.*, `sm_bentuk_pendidikan`.`bentuk_pendidikan`, `sm_kelas`.`nama_kelas`, `sm_users`.*
FROM `sm_siswa`
LEFT JOIN `sm_bentuk_pendidikan` ON `sm_bentuk_pendidikan`.`id_bentuk_pendidikan` = `sm_siswa`.`bentuk_pendidikan_id`
LEFT JOIN `sm_kelas` ON `sm_kelas`.`id_kelas` = `sm_siswa`.`kelas_id`
LEFT JOIN `sm_users` ON `sm_users`.`kode_person` = `sm_siswa`.`nis`')
 4 SYSTEMPATH\Database\BaseBuilder.php(1649): CodeIgniter\Database\BaseConnection->query('SELECT `sm_siswa`.*, `sm_bentuk_pendidikan`.`bentuk_pendidikan`, `sm_kelas`.`nama_kelas`, `sm_users`.*
FROM `sm_siswa`
LEFT JOIN `sm_bentuk_pendidikan` ON `sm_bentuk_pendidikan`.`id_bentuk_pendidikan` = `sm_siswa`.`bentuk_pendidikan_id`
LEFT JOIN `sm_kelas` ON `sm_kelas`.`id_kelas` = `sm_siswa`.`kelas_id`
LEFT JOIN `sm_users` ON `sm_users`.`kode_person` = `sm_siswa`.`nis`', [], false)
 5 APPPATH\Models\Model_admin_siswa.php(29): CodeIgniter\Database\BaseBuilder->get()
 6 APPPATH\Controllers\Admin_siswa.php(29): App\Models\Model_admin_siswa->getSiswa()
 7 SYSTEMPATH\CodeIgniter.php(933): App\Controllers\Admin_siswa->index()
 8 SYSTEMPATH\CodeIgniter.php(507): CodeIgniter\CodeIgniter->runController(Object(App\Controllers\Admin_siswa))
 9 SYSTEMPATH\CodeIgniter.php(354): CodeIgniter\CodeIgniter->handleRequest(null, Object(Config\Cache), false)
10 SYSTEMPATH\Boot.php(334): CodeIgniter\CodeIgniter->run()
11 SYSTEMPATH\Boot.php(67): CodeIgniter\Boot::runCodeIgniter(Object(CodeIgniter\CodeIgniter))
12 FCPATH\index.php(59): CodeIgniter\Boot::bootWeb(Object(Config\Paths))
13 SYSTEMPATH\rewrite.php(44): require_once('D:\\laragon\\www\\app_sekolah_muhammadiyah\\public\\index.php')
DEBUG - 2025-05-21 03:00:51 --> Session: Class initialized using 'CodeIgniter\Session\Handlers\FileHandler' driver.
ERROR - 2025-05-21 03:00:51 --> mysqli_sql_exception: Table 'db_sds.sm_jabatan' doesn't exist in D:\laragon\www\app_sekolah_muhammadiyah\vendor\codeigniter4\framework\system\Database\MySQLi\Connection.php:327
Stack trace:
#0 D:\laragon\www\app_sekolah_muhammadiyah\vendor\codeigniter4\framework\system\Database\MySQLi\Connection.php(327): mysqli->query('SELECT *\nFROM `...', 0)
#1 D:\laragon\www\app_sekolah_muhammadiyah\vendor\codeigniter4\framework\system\Database\BaseConnection.php(738): CodeIgniter\Database\MySQLi\Connection->execute('SELECT *\nFROM `...')
#2 D:\laragon\www\app_sekolah_muhammadiyah\vendor\codeigniter4\framework\system\Database\BaseConnection.php(652): CodeIgniter\Database\BaseConnection->simpleQuery('SELECT *\nFROM `...')
#3 D:\laragon\www\app_sekolah_muhammadiyah\vendor\codeigniter4\framework\system\Database\BaseBuilder.php(1649): CodeIgniter\Database\BaseConnection->query('SELECT *\nFROM `...', Array, false)
#4 D:\laragon\www\app_sekolah_muhammadiyah\app\Models\Model_admin_jabatan.php(20): CodeIgniter\Database\BaseBuilder->get()
#5 D:\laragon\www\app_sekolah_muhammadiyah\app\Controllers\Admin_jabatan.php(23): App\Models\Model_admin_jabatan->getAll()
#6 D:\laragon\www\app_sekolah_muhammadiyah\vendor\codeigniter4\framework\system\CodeIgniter.php(933): App\Controllers\Admin_jabatan->index()
#7 D:\laragon\www\app_sekolah_muhammadiyah\vendor\codeigniter4\framework\system\CodeIgniter.php(507): CodeIgniter\CodeIgniter->runController(Object(App\Controllers\Admin_jabatan))
#8 D:\laragon\www\app_sekolah_muhammadiyah\vendor\codeigniter4\framework\system\CodeIgniter.php(354): CodeIgniter\CodeIgniter->handleRequest(NULL, Object(Config\Cache), false)
#9 D:\laragon\www\app_sekolah_muhammadiyah\vendor\codeigniter4\framework\system\Boot.php(334): CodeIgniter\CodeIgniter->run()
#10 D:\laragon\www\app_sekolah_muhammadiyah\vendor\codeigniter4\framework\system\Boot.php(67): CodeIgniter\Boot::runCodeIgniter(Object(CodeIgniter\CodeIgniter))
#11 D:\laragon\www\app_sekolah_muhammadiyah\public\index.php(59): CodeIgniter\Boot::bootWeb(Object(Config\Paths))
#12 D:\laragon\www\app_sekolah_muhammadiyah\vendor\codeigniter4\framework\system\rewrite.php(44): require_once('D:\\laragon\\www\\...')
#13 {main}
CRITICAL - 2025-05-21 03:00:51 --> CodeIgniter\Database\Exceptions\DatabaseException: Table 'db_sds.sm_jabatan' doesn't exist
[Method: GET, Route: admin_jabatan]
in SYSTEMPATH\Database\BaseConnection.php on line 692.
 1 SYSTEMPATH\Database\BaseBuilder.php(1649): CodeIgniter\Database\BaseConnection->query('SELECT *
FROM `sm_jabatan`
WHERE `sekolah_kode` = :sekolah_kode:', [...], false)
 2 APPPATH\Models\Model_admin_jabatan.php(20): CodeIgniter\Database\BaseBuilder->get()
 3 APPPATH\Controllers\Admin_jabatan.php(23): App\Models\Model_admin_jabatan->getAll()
 4 SYSTEMPATH\CodeIgniter.php(933): App\Controllers\Admin_jabatan->index()
 5 SYSTEMPATH\CodeIgniter.php(507): CodeIgniter\CodeIgniter->runController(Object(App\Controllers\Admin_jabatan))
 6 SYSTEMPATH\CodeIgniter.php(354): CodeIgniter\CodeIgniter->handleRequest(null, Object(Config\Cache), false)
 7 SYSTEMPATH\Boot.php(334): CodeIgniter\CodeIgniter->run()
 8 SYSTEMPATH\Boot.php(67): CodeIgniter\Boot::runCodeIgniter(Object(CodeIgniter\CodeIgniter))
 9 FCPATH\index.php(59): CodeIgniter\Boot::bootWeb(Object(Config\Paths))
10 SYSTEMPATH\rewrite.php(44): require_once('D:\\laragon\\www\\app_sekolah_muhammadiyah\\public\\index.php')
CRITICAL - 2025-05-21 03:00:51 --> [Caused by] CodeIgniter\Database\Exceptions\DatabaseException: Table 'db_sds.sm_jabatan' doesn't exist
in SYSTEMPATH\Database\MySQLi\Connection.php on line 332.
 1 SYSTEMPATH\Database\BaseConnection.php(738): CodeIgniter\Database\MySQLi\Connection->execute('SELECT *
FROM `sm_jabatan`
WHERE `sekolah_kode` = \'10001\'')
 2 SYSTEMPATH\Database\BaseConnection.php(652): CodeIgniter\Database\BaseConnection->simpleQuery('SELECT *
FROM `sm_jabatan`
WHERE `sekolah_kode` = \'10001\'')
 3 SYSTEMPATH\Database\BaseBuilder.php(1649): CodeIgniter\Database\BaseConnection->query('SELECT *
FROM `sm_jabatan`
WHERE `sekolah_kode` = :sekolah_kode:', [...], false)
 4 APPPATH\Models\Model_admin_jabatan.php(20): CodeIgniter\Database\BaseBuilder->get()
 5 APPPATH\Controllers\Admin_jabatan.php(23): App\Models\Model_admin_jabatan->getAll()
 6 SYSTEMPATH\CodeIgniter.php(933): App\Controllers\Admin_jabatan->index()
 7 SYSTEMPATH\CodeIgniter.php(507): CodeIgniter\CodeIgniter->runController(Object(App\Controllers\Admin_jabatan))
 8 SYSTEMPATH\CodeIgniter.php(354): CodeIgniter\CodeIgniter->handleRequest(null, Object(Config\Cache), false)
 9 SYSTEMPATH\Boot.php(334): CodeIgniter\CodeIgniter->run()
10 SYSTEMPATH\Boot.php(67): CodeIgniter\Boot::runCodeIgniter(Object(CodeIgniter\CodeIgniter))
11 FCPATH\index.php(59): CodeIgniter\Boot::bootWeb(Object(Config\Paths))
12 SYSTEMPATH\rewrite.php(44): require_once('D:\\laragon\\www\\app_sekolah_muhammadiyah\\public\\index.php')
CRITICAL - 2025-05-21 03:00:51 --> [Caused by] mysqli_sql_exception: Table 'db_sds.sm_jabatan' doesn't exist
in SYSTEMPATH\Database\MySQLi\Connection.php on line 327.
 1 SYSTEMPATH\Database\MySQLi\Connection.php(327): mysqli->query('SELECT *
FROM `sm_jabatan`
WHERE `sekolah_kode` = \'10001\'', 0)
 2 SYSTEMPATH\Database\BaseConnection.php(738): CodeIgniter\Database\MySQLi\Connection->execute('SELECT *
FROM `sm_jabatan`
WHERE `sekolah_kode` = \'10001\'')
 3 SYSTEMPATH\Database\BaseConnection.php(652): CodeIgniter\Database\BaseConnection->simpleQuery('SELECT *
FROM `sm_jabatan`
WHERE `sekolah_kode` = \'10001\'')
 4 SYSTEMPATH\Database\BaseBuilder.php(1649): CodeIgniter\Database\BaseConnection->query('SELECT *
FROM `sm_jabatan`
WHERE `sekolah_kode` = :sekolah_kode:', [...], false)
 5 APPPATH\Models\Model_admin_jabatan.php(20): CodeIgniter\Database\BaseBuilder->get()
 6 APPPATH\Controllers\Admin_jabatan.php(23): App\Models\Model_admin_jabatan->getAll()
 7 SYSTEMPATH\CodeIgniter.php(933): App\Controllers\Admin_jabatan->index()
 8 SYSTEMPATH\CodeIgniter.php(507): CodeIgniter\CodeIgniter->runController(Object(App\Controllers\Admin_jabatan))
 9 SYSTEMPATH\CodeIgniter.php(354): CodeIgniter\CodeIgniter->handleRequest(null, Object(Config\Cache), false)
10 SYSTEMPATH\Boot.php(334): CodeIgniter\CodeIgniter->run()
11 SYSTEMPATH\Boot.php(67): CodeIgniter\Boot::runCodeIgniter(Object(CodeIgniter\CodeIgniter))
12 FCPATH\index.php(59): CodeIgniter\Boot::bootWeb(Object(Config\Paths))
13 SYSTEMPATH\rewrite.php(44): require_once('D:\\laragon\\www\\app_sekolah_muhammadiyah\\public\\index.php')
DEBUG - 2025-05-21 03:08:13 --> Session: Class initialized using 'CodeIgniter\Session\Handlers\FileHandler' driver.
DEBUG - 2025-05-21 03:08:15 --> Session: Class initialized using 'CodeIgniter\Session\Handlers\FileHandler' driver.
CRITICAL - 2025-05-21 03:08:15 --> ErrorException: Undefined variable $bentuk_pendidikan
[Method: GET, Route: admin_jabatan]
in APPPATH\Views\admin\kesiswaan\kelas\v_kelas.php on line 155.
 1 APPPATH\Views\admin\kesiswaan\kelas\v_kelas.php(155): CodeIgniter\Debug\Exceptions->errorHandler(2, 'Undefined variable $bentuk_pendidikan', 'D:\\laragon\\www\\app_sekolah_muhammadiyah\\app\\Views\\admin\\kesiswaan\\kelas\\v_kelas.php', 155)
 2 SYSTEMPATH\View\View.php(224): include('D:\\laragon\\www\\app_sekolah_muhammadiyah\\app\\Views\\admin\\kesiswaan\\kelas\\v_kelas.php')
 3 SYSTEMPATH\View\View.php(227): CodeIgniter\View\View->CodeIgniter\View\{closure}()
 4 SYSTEMPATH\Common.php(1173): CodeIgniter\View\View->render('admin/kesiswaan/kelas/v_kelas', [], true)
 5 APPPATH\Controllers\Admin_jabatan.php(25): view('admin/kesiswaan/kelas/v_kelas', [...])
 6 SYSTEMPATH\CodeIgniter.php(933): App\Controllers\Admin_jabatan->index()
 7 SYSTEMPATH\CodeIgniter.php(507): CodeIgniter\CodeIgniter->runController(Object(App\Controllers\Admin_jabatan))
 8 SYSTEMPATH\CodeIgniter.php(354): CodeIgniter\CodeIgniter->handleRequest(null, Object(Config\Cache), false)
 9 SYSTEMPATH\Boot.php(334): CodeIgniter\CodeIgniter->run()
10 SYSTEMPATH\Boot.php(67): CodeIgniter\Boot::runCodeIgniter(Object(CodeIgniter\CodeIgniter))
11 FCPATH\index.php(59): CodeIgniter\Boot::bootWeb(Object(Config\Paths))
12 SYSTEMPATH\rewrite.php(44): require_once('D:\\laragon\\www\\app_sekolah_muhammadiyah\\public\\index.php')
DEBUG - 2025-05-21 03:08:28 --> Session: Class initialized using 'CodeIgniter\Session\Handlers\FileHandler' driver.
DEBUG - 2025-05-21 03:08:32 --> Session: Class initialized using 'CodeIgniter\Session\Handlers\FileHandler' driver.
CRITICAL - 2025-05-21 03:08:32 --> ErrorException: Undefined variable $bentuk_pendidikan
[Method: GET, Route: admin_jabatan]
in APPPATH\Views\admin\kesiswaan\kelas\v_kelas.php on line 155.
 1 APPPATH\Views\admin\kesiswaan\kelas\v_kelas.php(155): CodeIgniter\Debug\Exceptions->errorHandler(2, 'Undefined variable $bentuk_pendidikan', 'D:\\laragon\\www\\app_sekolah_muhammadiyah\\app\\Views\\admin\\kesiswaan\\kelas\\v_kelas.php', 155)
 2 SYSTEMPATH\View\View.php(224): include('D:\\laragon\\www\\app_sekolah_muhammadiyah\\app\\Views\\admin\\kesiswaan\\kelas\\v_kelas.php')
 3 SYSTEMPATH\View\View.php(227): CodeIgniter\View\View->CodeIgniter\View\{closure}()
 4 SYSTEMPATH\Common.php(1173): CodeIgniter\View\View->render('admin/kesiswaan/kelas/v_kelas', [], true)
 5 APPPATH\Controllers\Admin_jabatan.php(25): view('admin/kesiswaan/kelas/v_kelas', [...])
 6 SYSTEMPATH\CodeIgniter.php(933): App\Controllers\Admin_jabatan->index()
 7 SYSTEMPATH\CodeIgniter.php(507): CodeIgniter\CodeIgniter->runController(Object(App\Controllers\Admin_jabatan))
 8 SYSTEMPATH\CodeIgniter.php(354): CodeIgniter\CodeIgniter->handleRequest(null, Object(Config\Cache), false)
 9 SYSTEMPATH\Boot.php(334): CodeIgniter\CodeIgniter->run()
10 SYSTEMPATH\Boot.php(67): CodeIgniter\Boot::runCodeIgniter(Object(CodeIgniter\CodeIgniter))
11 FCPATH\index.php(59): CodeIgniter\Boot::bootWeb(Object(Config\Paths))
12 SYSTEMPATH\rewrite.php(44): require_once('D:\\laragon\\www\\app_sekolah_muhammadiyah\\public\\index.php')
DEBUG - 2025-05-21 03:08:39 --> Session: Class initialized using 'CodeIgniter\Session\Handlers\FileHandler' driver.
CRITICAL - 2025-05-21 03:08:39 --> ErrorException: Undefined variable $bentuk_pendidikan
[Method: GET, Route: admin_jabatan]
in APPPATH\Views\admin\kesiswaan\kelas\v_kelas.php on line 155.
 1 APPPATH\Views\admin\kesiswaan\kelas\v_kelas.php(155): CodeIgniter\Debug\Exceptions->errorHandler(2, 'Undefined variable $bentuk_pendidikan', 'D:\\laragon\\www\\app_sekolah_muhammadiyah\\app\\Views\\admin\\kesiswaan\\kelas\\v_kelas.php', 155)
 2 SYSTEMPATH\View\View.php(224): include('D:\\laragon\\www\\app_sekolah_muhammadiyah\\app\\Views\\admin\\kesiswaan\\kelas\\v_kelas.php')
 3 SYSTEMPATH\View\View.php(227): CodeIgniter\View\View->CodeIgniter\View\{closure}()
 4 SYSTEMPATH\Common.php(1173): CodeIgniter\View\View->render('admin/kesiswaan/kelas/v_kelas', [], true)
 5 APPPATH\Controllers\Admin_jabatan.php(25): view('admin/kesiswaan/kelas/v_kelas', [...])
 6 SYSTEMPATH\CodeIgniter.php(933): App\Controllers\Admin_jabatan->index()
 7 SYSTEMPATH\CodeIgniter.php(507): CodeIgniter\CodeIgniter->runController(Object(App\Controllers\Admin_jabatan))
 8 SYSTEMPATH\CodeIgniter.php(354): CodeIgniter\CodeIgniter->handleRequest(null, Object(Config\Cache), false)
 9 SYSTEMPATH\Boot.php(334): CodeIgniter\CodeIgniter->run()
10 SYSTEMPATH\Boot.php(67): CodeIgniter\Boot::runCodeIgniter(Object(CodeIgniter\CodeIgniter))
11 FCPATH\index.php(59): CodeIgniter\Boot::bootWeb(Object(Config\Paths))
12 SYSTEMPATH\rewrite.php(44): require_once('D:\\laragon\\www\\app_sekolah_muhammadiyah\\public\\index.php')
DEBUG - 2025-05-21 03:08:44 --> Session: Class initialized using 'CodeIgniter\Session\Handlers\FileHandler' driver.
DEBUG - 2025-05-21 03:08:45 --> Session: Class initialized using 'CodeIgniter\Session\Handlers\FileHandler' driver.
ERROR - 2025-05-21 03:08:45 --> mysqli_sql_exception: Table 'db_sds.sm_siswa' doesn't exist in D:\laragon\www\app_sekolah_muhammadiyah\vendor\codeigniter4\framework\system\Database\MySQLi\Connection.php:327
Stack trace:
#0 D:\laragon\www\app_sekolah_muhammadiyah\vendor\codeigniter4\framework\system\Database\MySQLi\Connection.php(327): mysqli->query('SELECT `sm_sisw...', 0)
#1 D:\laragon\www\app_sekolah_muhammadiyah\vendor\codeigniter4\framework\system\Database\BaseConnection.php(738): CodeIgniter\Database\MySQLi\Connection->execute('SELECT `sm_sisw...')
#2 D:\laragon\www\app_sekolah_muhammadiyah\vendor\codeigniter4\framework\system\Database\BaseConnection.php(652): CodeIgniter\Database\BaseConnection->simpleQuery('SELECT `sm_sisw...')
#3 D:\laragon\www\app_sekolah_muhammadiyah\vendor\codeigniter4\framework\system\Database\BaseBuilder.php(1649): CodeIgniter\Database\BaseConnection->query('SELECT `sm_sisw...', Array, false)
#4 D:\laragon\www\app_sekolah_muhammadiyah\app\Models\Model_admin_siswa.php(29): CodeIgniter\Database\BaseBuilder->get()
#5 D:\laragon\www\app_sekolah_muhammadiyah\app\Controllers\Admin_siswa.php(29): App\Models\Model_admin_siswa->getSiswa()
#6 D:\laragon\www\app_sekolah_muhammadiyah\vendor\codeigniter4\framework\system\CodeIgniter.php(933): App\Controllers\Admin_siswa->index()
#7 D:\laragon\www\app_sekolah_muhammadiyah\vendor\codeigniter4\framework\system\CodeIgniter.php(507): CodeIgniter\CodeIgniter->runController(Object(App\Controllers\Admin_siswa))
#8 D:\laragon\www\app_sekolah_muhammadiyah\vendor\codeigniter4\framework\system\CodeIgniter.php(354): CodeIgniter\CodeIgniter->handleRequest(NULL, Object(Config\Cache), false)
#9 D:\laragon\www\app_sekolah_muhammadiyah\vendor\codeigniter4\framework\system\Boot.php(334): CodeIgniter\CodeIgniter->run()
#10 D:\laragon\www\app_sekolah_muhammadiyah\vendor\codeigniter4\framework\system\Boot.php(67): CodeIgniter\Boot::runCodeIgniter(Object(CodeIgniter\CodeIgniter))
#11 D:\laragon\www\app_sekolah_muhammadiyah\public\index.php(59): CodeIgniter\Boot::bootWeb(Object(Config\Paths))
#12 D:\laragon\www\app_sekolah_muhammadiyah\vendor\codeigniter4\framework\system\rewrite.php(44): require_once('D:\\laragon\\www\\...')
#13 {main}
CRITICAL - 2025-05-21 03:08:45 --> CodeIgniter\Database\Exceptions\DatabaseException: Table 'db_sds.sm_siswa' doesn't exist
[Method: GET, Route: admin_siswa]
in SYSTEMPATH\Database\BaseConnection.php on line 692.
 1 SYSTEMPATH\Database\BaseBuilder.php(1649): CodeIgniter\Database\BaseConnection->query('SELECT `sm_siswa`.*, `sm_bentuk_pendidikan`.`bentuk_pendidikan`, `sm_kelas`.`nama_kelas`, `sm_users`.*
FROM `sm_siswa`
LEFT JOIN `sm_bentuk_pendidikan` ON `sm_bentuk_pendidikan`.`id_bentuk_pendidikan` = `sm_siswa`.`bentuk_pendidikan_id`
LEFT JOIN `sm_kelas` ON `sm_kelas`.`id_kelas` = `sm_siswa`.`kelas_id`
LEFT JOIN `sm_users` ON `sm_users`.`kode_person` = `sm_siswa`.`nis`', [], false)
 2 APPPATH\Models\Model_admin_siswa.php(29): CodeIgniter\Database\BaseBuilder->get()
 3 APPPATH\Controllers\Admin_siswa.php(29): App\Models\Model_admin_siswa->getSiswa()
 4 SYSTEMPATH\CodeIgniter.php(933): App\Controllers\Admin_siswa->index()
 5 SYSTEMPATH\CodeIgniter.php(507): CodeIgniter\CodeIgniter->runController(Object(App\Controllers\Admin_siswa))
 6 SYSTEMPATH\CodeIgniter.php(354): CodeIgniter\CodeIgniter->handleRequest(null, Object(Config\Cache), false)
 7 SYSTEMPATH\Boot.php(334): CodeIgniter\CodeIgniter->run()
 8 SYSTEMPATH\Boot.php(67): CodeIgniter\Boot::runCodeIgniter(Object(CodeIgniter\CodeIgniter))
 9 FCPATH\index.php(59): CodeIgniter\Boot::bootWeb(Object(Config\Paths))
10 SYSTEMPATH\rewrite.php(44): require_once('D:\\laragon\\www\\app_sekolah_muhammadiyah\\public\\index.php')
CRITICAL - 2025-05-21 03:08:45 --> [Caused by] CodeIgniter\Database\Exceptions\DatabaseException: Table 'db_sds.sm_siswa' doesn't exist
in SYSTEMPATH\Database\MySQLi\Connection.php on line 332.
 1 SYSTEMPATH\Database\BaseConnection.php(738): CodeIgniter\Database\MySQLi\Connection->execute('SELECT `sm_siswa`.*, `sm_bentuk_pendidikan`.`bentuk_pendidikan`, `sm_kelas`.`nama_kelas`, `sm_users`.*
FROM `sm_siswa`
LEFT JOIN `sm_bentuk_pendidikan` ON `sm_bentuk_pendidikan`.`id_bentuk_pendidikan` = `sm_siswa`.`bentuk_pendidikan_id`
LEFT JOIN `sm_kelas` ON `sm_kelas`.`id_kelas` = `sm_siswa`.`kelas_id`
LEFT JOIN `sm_users` ON `sm_users`.`kode_person` = `sm_siswa`.`nis`')
 2 SYSTEMPATH\Database\BaseConnection.php(652): CodeIgniter\Database\BaseConnection->simpleQuery('SELECT `sm_siswa`.*, `sm_bentuk_pendidikan`.`bentuk_pendidikan`, `sm_kelas`.`nama_kelas`, `sm_users`.*
FROM `sm_siswa`
LEFT JOIN `sm_bentuk_pendidikan` ON `sm_bentuk_pendidikan`.`id_bentuk_pendidikan` = `sm_siswa`.`bentuk_pendidikan_id`
LEFT JOIN `sm_kelas` ON `sm_kelas`.`id_kelas` = `sm_siswa`.`kelas_id`
LEFT JOIN `sm_users` ON `sm_users`.`kode_person` = `sm_siswa`.`nis`')
 3 SYSTEMPATH\Database\BaseBuilder.php(1649): CodeIgniter\Database\BaseConnection->query('SELECT `sm_siswa`.*, `sm_bentuk_pendidikan`.`bentuk_pendidikan`, `sm_kelas`.`nama_kelas`, `sm_users`.*
FROM `sm_siswa`
LEFT JOIN `sm_bentuk_pendidikan` ON `sm_bentuk_pendidikan`.`id_bentuk_pendidikan` = `sm_siswa`.`bentuk_pendidikan_id`
LEFT JOIN `sm_kelas` ON `sm_kelas`.`id_kelas` = `sm_siswa`.`kelas_id`
LEFT JOIN `sm_users` ON `sm_users`.`kode_person` = `sm_siswa`.`nis`', [], false)
 4 APPPATH\Models\Model_admin_siswa.php(29): CodeIgniter\Database\BaseBuilder->get()
 5 APPPATH\Controllers\Admin_siswa.php(29): App\Models\Model_admin_siswa->getSiswa()
 6 SYSTEMPATH\CodeIgniter.php(933): App\Controllers\Admin_siswa->index()
 7 SYSTEMPATH\CodeIgniter.php(507): CodeIgniter\CodeIgniter->runController(Object(App\Controllers\Admin_siswa))
 8 SYSTEMPATH\CodeIgniter.php(354): CodeIgniter\CodeIgniter->handleRequest(null, Object(Config\Cache), false)
 9 SYSTEMPATH\Boot.php(334): CodeIgniter\CodeIgniter->run()
10 SYSTEMPATH\Boot.php(67): CodeIgniter\Boot::runCodeIgniter(Object(CodeIgniter\CodeIgniter))
11 FCPATH\index.php(59): CodeIgniter\Boot::bootWeb(Object(Config\Paths))
12 SYSTEMPATH\rewrite.php(44): require_once('D:\\laragon\\www\\app_sekolah_muhammadiyah\\public\\index.php')
CRITICAL - 2025-05-21 03:08:45 --> [Caused by] mysqli_sql_exception: Table 'db_sds.sm_siswa' doesn't exist
in SYSTEMPATH\Database\MySQLi\Connection.php on line 327.
 1 SYSTEMPATH\Database\MySQLi\Connection.php(327): mysqli->query('SELECT `sm_siswa`.*, `sm_bentuk_pendidikan`.`bentuk_pendidikan`, `sm_kelas`.`nama_kelas`, `sm_users`.*
FROM `sm_siswa`
LEFT JOIN `sm_bentuk_pendidikan` ON `sm_bentuk_pendidikan`.`id_bentuk_pendidikan` = `sm_siswa`.`bentuk_pendidikan_id`
LEFT JOIN `sm_kelas` ON `sm_kelas`.`id_kelas` = `sm_siswa`.`kelas_id`
LEFT JOIN `sm_users` ON `sm_users`.`kode_person` = `sm_siswa`.`nis`', 0)
 2 SYSTEMPATH\Database\BaseConnection.php(738): CodeIgniter\Database\MySQLi\Connection->execute('SELECT `sm_siswa`.*, `sm_bentuk_pendidikan`.`bentuk_pendidikan`, `sm_kelas`.`nama_kelas`, `sm_users`.*
FROM `sm_siswa`
LEFT JOIN `sm_bentuk_pendidikan` ON `sm_bentuk_pendidikan`.`id_bentuk_pendidikan` = `sm_siswa`.`bentuk_pendidikan_id`
LEFT JOIN `sm_kelas` ON `sm_kelas`.`id_kelas` = `sm_siswa`.`kelas_id`
LEFT JOIN `sm_users` ON `sm_users`.`kode_person` = `sm_siswa`.`nis`')
 3 SYSTEMPATH\Database\BaseConnection.php(652): CodeIgniter\Database\BaseConnection->simpleQuery('SELECT `sm_siswa`.*, `sm_bentuk_pendidikan`.`bentuk_pendidikan`, `sm_kelas`.`nama_kelas`, `sm_users`.*
FROM `sm_siswa`
LEFT JOIN `sm_bentuk_pendidikan` ON `sm_bentuk_pendidikan`.`id_bentuk_pendidikan` = `sm_siswa`.`bentuk_pendidikan_id`
LEFT JOIN `sm_kelas` ON `sm_kelas`.`id_kelas` = `sm_siswa`.`kelas_id`
LEFT JOIN `sm_users` ON `sm_users`.`kode_person` = `sm_siswa`.`nis`')
 4 SYSTEMPATH\Database\BaseBuilder.php(1649): CodeIgniter\Database\BaseConnection->query('SELECT `sm_siswa`.*, `sm_bentuk_pendidikan`.`bentuk_pendidikan`, `sm_kelas`.`nama_kelas`, `sm_users`.*
FROM `sm_siswa`
LEFT JOIN `sm_bentuk_pendidikan` ON `sm_bentuk_pendidikan`.`id_bentuk_pendidikan` = `sm_siswa`.`bentuk_pendidikan_id`
LEFT JOIN `sm_kelas` ON `sm_kelas`.`id_kelas` = `sm_siswa`.`kelas_id`
LEFT JOIN `sm_users` ON `sm_users`.`kode_person` = `sm_siswa`.`nis`', [], false)
 5 APPPATH\Models\Model_admin_siswa.php(29): CodeIgniter\Database\BaseBuilder->get()
 6 APPPATH\Controllers\Admin_siswa.php(29): App\Models\Model_admin_siswa->getSiswa()
 7 SYSTEMPATH\CodeIgniter.php(933): App\Controllers\Admin_siswa->index()
 8 SYSTEMPATH\CodeIgniter.php(507): CodeIgniter\CodeIgniter->runController(Object(App\Controllers\Admin_siswa))
 9 SYSTEMPATH\CodeIgniter.php(354): CodeIgniter\CodeIgniter->handleRequest(null, Object(Config\Cache), false)
10 SYSTEMPATH\Boot.php(334): CodeIgniter\CodeIgniter->run()
11 SYSTEMPATH\Boot.php(67): CodeIgniter\Boot::runCodeIgniter(Object(CodeIgniter\CodeIgniter))
12 FCPATH\index.php(59): CodeIgniter\Boot::bootWeb(Object(Config\Paths))
13 SYSTEMPATH\rewrite.php(44): require_once('D:\\laragon\\www\\app_sekolah_muhammadiyah\\public\\index.php')
DEBUG - 2025-05-21 03:10:17 --> Session: Class initialized using 'CodeIgniter\Session\Handlers\FileHandler' driver.
DEBUG - 2025-05-21 03:10:19 --> Session: Class initialized using 'CodeIgniter\Session\Handlers\FileHandler' driver.
DEBUG - 2025-05-21 03:10:52 --> Session: Class initialized using 'CodeIgniter\Session\Handlers\FileHandler' driver.
DEBUG - 2025-05-21 03:10:55 --> Session: Class initialized using 'CodeIgniter\Session\Handlers\FileHandler' driver.
DEBUG - 2025-05-21 03:10:58 --> Session: Class initialized using 'CodeIgniter\Session\Handlers\FileHandler' driver.
DEBUG - 2025-05-21 03:11:01 --> Session: Class initialized using 'CodeIgniter\Session\Handlers\FileHandler' driver.
DEBUG - 2025-05-21 03:11:06 --> Session: Class initialized using 'CodeIgniter\Session\Handlers\FileHandler' driver.
DEBUG - 2025-05-21 03:11:44 --> Session: Class initialized using 'CodeIgniter\Session\Handlers\FileHandler' driver.
DEBUG - 2025-05-21 03:11:46 --> Session: Class initialized using 'CodeIgniter\Session\Handlers\FileHandler' driver.
ERROR - 2025-05-21 03:11:46 --> mysqli_sql_exception: Table 'db_sds.sm_siswa' doesn't exist in D:\laragon\www\app_sekolah_muhammadiyah\vendor\codeigniter4\framework\system\Database\MySQLi\Connection.php:327
Stack trace:
#0 D:\laragon\www\app_sekolah_muhammadiyah\vendor\codeigniter4\framework\system\Database\MySQLi\Connection.php(327): mysqli->query('SELECT `sm_sisw...', 0)
#1 D:\laragon\www\app_sekolah_muhammadiyah\vendor\codeigniter4\framework\system\Database\BaseConnection.php(738): CodeIgniter\Database\MySQLi\Connection->execute('SELECT `sm_sisw...')
#2 D:\laragon\www\app_sekolah_muhammadiyah\vendor\codeigniter4\framework\system\Database\BaseConnection.php(652): CodeIgniter\Database\BaseConnection->simpleQuery('SELECT `sm_sisw...')
#3 D:\laragon\www\app_sekolah_muhammadiyah\vendor\codeigniter4\framework\system\Database\BaseBuilder.php(1649): CodeIgniter\Database\BaseConnection->query('SELECT `sm_sisw...', Array, false)
#4 D:\laragon\www\app_sekolah_muhammadiyah\app\Models\Model_admin_siswa.php(29): CodeIgniter\Database\BaseBuilder->get()
#5 D:\laragon\www\app_sekolah_muhammadiyah\app\Controllers\Admin_siswa.php(29): App\Models\Model_admin_siswa->getSiswa()
#6 D:\laragon\www\app_sekolah_muhammadiyah\vendor\codeigniter4\framework\system\CodeIgniter.php(933): App\Controllers\Admin_siswa->index()
#7 D:\laragon\www\app_sekolah_muhammadiyah\vendor\codeigniter4\framework\system\CodeIgniter.php(507): CodeIgniter\CodeIgniter->runController(Object(App\Controllers\Admin_siswa))
#8 D:\laragon\www\app_sekolah_muhammadiyah\vendor\codeigniter4\framework\system\CodeIgniter.php(354): CodeIgniter\CodeIgniter->handleRequest(NULL, Object(Config\Cache), false)
#9 D:\laragon\www\app_sekolah_muhammadiyah\vendor\codeigniter4\framework\system\Boot.php(334): CodeIgniter\CodeIgniter->run()
#10 D:\laragon\www\app_sekolah_muhammadiyah\vendor\codeigniter4\framework\system\Boot.php(67): CodeIgniter\Boot::runCodeIgniter(Object(CodeIgniter\CodeIgniter))
#11 D:\laragon\www\app_sekolah_muhammadiyah\public\index.php(59): CodeIgniter\Boot::bootWeb(Object(Config\Paths))
#12 D:\laragon\www\app_sekolah_muhammadiyah\vendor\codeigniter4\framework\system\rewrite.php(44): require_once('D:\\laragon\\www\\...')
#13 {main}
CRITICAL - 2025-05-21 03:11:46 --> CodeIgniter\Database\Exceptions\DatabaseException: Table 'db_sds.sm_siswa' doesn't exist
[Method: GET, Route: admin_siswa]
in SYSTEMPATH\Database\BaseConnection.php on line 692.
 1 SYSTEMPATH\Database\BaseBuilder.php(1649): CodeIgniter\Database\BaseConnection->query('SELECT `sm_siswa`.*, `sm_bentuk_pendidikan`.`bentuk_pendidikan`, `sm_kelas`.`nama_kelas`, `sm_users`.*
FROM `sm_siswa`
LEFT JOIN `sm_bentuk_pendidikan` ON `sm_bentuk_pendidikan`.`id_bentuk_pendidikan` = `sm_siswa`.`bentuk_pendidikan_id`
LEFT JOIN `sm_kelas` ON `sm_kelas`.`id_kelas` = `sm_siswa`.`kelas_id`
LEFT JOIN `sm_users` ON `sm_users`.`kode_person` = `sm_siswa`.`nis`', [], false)
 2 APPPATH\Models\Model_admin_siswa.php(29): CodeIgniter\Database\BaseBuilder->get()
 3 APPPATH\Controllers\Admin_siswa.php(29): App\Models\Model_admin_siswa->getSiswa()
 4 SYSTEMPATH\CodeIgniter.php(933): App\Controllers\Admin_siswa->index()
 5 SYSTEMPATH\CodeIgniter.php(507): CodeIgniter\CodeIgniter->runController(Object(App\Controllers\Admin_siswa))
 6 SYSTEMPATH\CodeIgniter.php(354): CodeIgniter\CodeIgniter->handleRequest(null, Object(Config\Cache), false)
 7 SYSTEMPATH\Boot.php(334): CodeIgniter\CodeIgniter->run()
 8 SYSTEMPATH\Boot.php(67): CodeIgniter\Boot::runCodeIgniter(Object(CodeIgniter\CodeIgniter))
 9 FCPATH\index.php(59): CodeIgniter\Boot::bootWeb(Object(Config\Paths))
10 SYSTEMPATH\rewrite.php(44): require_once('D:\\laragon\\www\\app_sekolah_muhammadiyah\\public\\index.php')
CRITICAL - 2025-05-21 03:11:46 --> [Caused by] CodeIgniter\Database\Exceptions\DatabaseException: Table 'db_sds.sm_siswa' doesn't exist
in SYSTEMPATH\Database\MySQLi\Connection.php on line 332.
 1 SYSTEMPATH\Database\BaseConnection.php(738): CodeIgniter\Database\MySQLi\Connection->execute('SELECT `sm_siswa`.*, `sm_bentuk_pendidikan`.`bentuk_pendidikan`, `sm_kelas`.`nama_kelas`, `sm_users`.*
FROM `sm_siswa`
LEFT JOIN `sm_bentuk_pendidikan` ON `sm_bentuk_pendidikan`.`id_bentuk_pendidikan` = `sm_siswa`.`bentuk_pendidikan_id`
LEFT JOIN `sm_kelas` ON `sm_kelas`.`id_kelas` = `sm_siswa`.`kelas_id`
LEFT JOIN `sm_users` ON `sm_users`.`kode_person` = `sm_siswa`.`nis`')
 2 SYSTEMPATH\Database\BaseConnection.php(652): CodeIgniter\Database\BaseConnection->simpleQuery('SELECT `sm_siswa`.*, `sm_bentuk_pendidikan`.`bentuk_pendidikan`, `sm_kelas`.`nama_kelas`, `sm_users`.*
FROM `sm_siswa`
LEFT JOIN `sm_bentuk_pendidikan` ON `sm_bentuk_pendidikan`.`id_bentuk_pendidikan` = `sm_siswa`.`bentuk_pendidikan_id`
LEFT JOIN `sm_kelas` ON `sm_kelas`.`id_kelas` = `sm_siswa`.`kelas_id`
LEFT JOIN `sm_users` ON `sm_users`.`kode_person` = `sm_siswa`.`nis`')
 3 SYSTEMPATH\Database\BaseBuilder.php(1649): CodeIgniter\Database\BaseConnection->query('SELECT `sm_siswa`.*, `sm_bentuk_pendidikan`.`bentuk_pendidikan`, `sm_kelas`.`nama_kelas`, `sm_users`.*
FROM `sm_siswa`
LEFT JOIN `sm_bentuk_pendidikan` ON `sm_bentuk_pendidikan`.`id_bentuk_pendidikan` = `sm_siswa`.`bentuk_pendidikan_id`
LEFT JOIN `sm_kelas` ON `sm_kelas`.`id_kelas` = `sm_siswa`.`kelas_id`
LEFT JOIN `sm_users` ON `sm_users`.`kode_person` = `sm_siswa`.`nis`', [], false)
 4 APPPATH\Models\Model_admin_siswa.php(29): CodeIgniter\Database\BaseBuilder->get()
 5 APPPATH\Controllers\Admin_siswa.php(29): App\Models\Model_admin_siswa->getSiswa()
 6 SYSTEMPATH\CodeIgniter.php(933): App\Controllers\Admin_siswa->index()
 7 SYSTEMPATH\CodeIgniter.php(507): CodeIgniter\CodeIgniter->runController(Object(App\Controllers\Admin_siswa))
 8 SYSTEMPATH\CodeIgniter.php(354): CodeIgniter\CodeIgniter->handleRequest(null, Object(Config\Cache), false)
 9 SYSTEMPATH\Boot.php(334): CodeIgniter\CodeIgniter->run()
10 SYSTEMPATH\Boot.php(67): CodeIgniter\Boot::runCodeIgniter(Object(CodeIgniter\CodeIgniter))
11 FCPATH\index.php(59): CodeIgniter\Boot::bootWeb(Object(Config\Paths))
12 SYSTEMPATH\rewrite.php(44): require_once('D:\\laragon\\www\\app_sekolah_muhammadiyah\\public\\index.php')
CRITICAL - 2025-05-21 03:11:46 --> [Caused by] mysqli_sql_exception: Table 'db_sds.sm_siswa' doesn't exist
in SYSTEMPATH\Database\MySQLi\Connection.php on line 327.
 1 SYSTEMPATH\Database\MySQLi\Connection.php(327): mysqli->query('SELECT `sm_siswa`.*, `sm_bentuk_pendidikan`.`bentuk_pendidikan`, `sm_kelas`.`nama_kelas`, `sm_users`.*
FROM `sm_siswa`
LEFT JOIN `sm_bentuk_pendidikan` ON `sm_bentuk_pendidikan`.`id_bentuk_pendidikan` = `sm_siswa`.`bentuk_pendidikan_id`
LEFT JOIN `sm_kelas` ON `sm_kelas`.`id_kelas` = `sm_siswa`.`kelas_id`
LEFT JOIN `sm_users` ON `sm_users`.`kode_person` = `sm_siswa`.`nis`', 0)
 2 SYSTEMPATH\Database\BaseConnection.php(738): CodeIgniter\Database\MySQLi\Connection->execute('SELECT `sm_siswa`.*, `sm_bentuk_pendidikan`.`bentuk_pendidikan`, `sm_kelas`.`nama_kelas`, `sm_users`.*
FROM `sm_siswa`
LEFT JOIN `sm_bentuk_pendidikan` ON `sm_bentuk_pendidikan`.`id_bentuk_pendidikan` = `sm_siswa`.`bentuk_pendidikan_id`
LEFT JOIN `sm_kelas` ON `sm_kelas`.`id_kelas` = `sm_siswa`.`kelas_id`
LEFT JOIN `sm_users` ON `sm_users`.`kode_person` = `sm_siswa`.`nis`')
 3 SYSTEMPATH\Database\BaseConnection.php(652): CodeIgniter\Database\BaseConnection->simpleQuery('SELECT `sm_siswa`.*, `sm_bentuk_pendidikan`.`bentuk_pendidikan`, `sm_kelas`.`nama_kelas`, `sm_users`.*
FROM `sm_siswa`
LEFT JOIN `sm_bentuk_pendidikan` ON `sm_bentuk_pendidikan`.`id_bentuk_pendidikan` = `sm_siswa`.`bentuk_pendidikan_id`
LEFT JOIN `sm_kelas` ON `sm_kelas`.`id_kelas` = `sm_siswa`.`kelas_id`
LEFT JOIN `sm_users` ON `sm_users`.`kode_person` = `sm_siswa`.`nis`')
 4 SYSTEMPATH\Database\BaseBuilder.php(1649): CodeIgniter\Database\BaseConnection->query('SELECT `sm_siswa`.*, `sm_bentuk_pendidikan`.`bentuk_pendidikan`, `sm_kelas`.`nama_kelas`, `sm_users`.*
FROM `sm_siswa`
LEFT JOIN `sm_bentuk_pendidikan` ON `sm_bentuk_pendidikan`.`id_bentuk_pendidikan` = `sm_siswa`.`bentuk_pendidikan_id`
LEFT JOIN `sm_kelas` ON `sm_kelas`.`id_kelas` = `sm_siswa`.`kelas_id`
LEFT JOIN `sm_users` ON `sm_users`.`kode_person` = `sm_siswa`.`nis`', [], false)
 5 APPPATH\Models\Model_admin_siswa.php(29): CodeIgniter\Database\BaseBuilder->get()
 6 APPPATH\Controllers\Admin_siswa.php(29): App\Models\Model_admin_siswa->getSiswa()
 7 SYSTEMPATH\CodeIgniter.php(933): App\Controllers\Admin_siswa->index()
 8 SYSTEMPATH\CodeIgniter.php(507): CodeIgniter\CodeIgniter->runController(Object(App\Controllers\Admin_siswa))
 9 SYSTEMPATH\CodeIgniter.php(354): CodeIgniter\CodeIgniter->handleRequest(null, Object(Config\Cache), false)
10 SYSTEMPATH\Boot.php(334): CodeIgniter\CodeIgniter->run()
11 SYSTEMPATH\Boot.php(67): CodeIgniter\Boot::runCodeIgniter(Object(CodeIgniter\CodeIgniter))
12 FCPATH\index.php(59): CodeIgniter\Boot::bootWeb(Object(Config\Paths))
13 SYSTEMPATH\rewrite.php(44): require_once('D:\\laragon\\www\\app_sekolah_muhammadiyah\\public\\index.php')
DEBUG - 2025-05-21 03:11:49 --> Session: Class initialized using 'CodeIgniter\Session\Handlers\FileHandler' driver.
DEBUG - 2025-05-21 03:12:15 --> Session: Class initialized using 'CodeIgniter\Session\Handlers\FileHandler' driver.
DEBUG - 2025-05-21 03:12:17 --> Session: Class initialized using 'CodeIgniter\Session\Handlers\FileHandler' driver.
DEBUG - 2025-05-21 03:12:22 --> Session: Class initialized using 'CodeIgniter\Session\Handlers\FileHandler' driver.
DEBUG - 2025-05-21 03:12:26 --> Session: Class initialized using 'CodeIgniter\Session\Handlers\FileHandler' driver.
DEBUG - 2025-05-21 03:13:47 --> Session: Class initialized using 'CodeIgniter\Session\Handlers\FileHandler' driver.
DEBUG - 2025-05-21 03:14:30 --> Session: Class initialized using 'CodeIgniter\Session\Handlers\FileHandler' driver.
DEBUG - 2025-05-21 03:14:37 --> Session: Class initialized using 'CodeIgniter\Session\Handlers\FileHandler' driver.
DEBUG - 2025-05-21 03:15:08 --> Session: Class initialized using 'CodeIgniter\Session\Handlers\FileHandler' driver.
CRITICAL - 2025-05-21 03:15:08 --> ErrorException: Undefined variable $bentuk_pendidikan
[Method: GET, Route: admin_jabatan]
in APPPATH\Views\admin\kepegawaian\jabatan\v_jabatan.php on line 155.
 1 APPPATH\Views\admin\kepegawaian\jabatan\v_jabatan.php(155): CodeIgniter\Debug\Exceptions->errorHandler(2, 'Undefined variable $bentuk_pendidikan', 'D:\\laragon\\www\\app_sekolah_muhammadiyah\\app\\Views\\admin\\kepegawaian\\jabatan\\v_jabatan.php', 155)
 2 SYSTEMPATH\View\View.php(224): include('D:\\laragon\\www\\app_sekolah_muhammadiyah\\app\\Views\\admin\\kepegawaian\\jabatan\\v_jabatan.php')
 3 SYSTEMPATH\View\View.php(227): CodeIgniter\View\View->CodeIgniter\View\{closure}()
 4 SYSTEMPATH\Common.php(1173): CodeIgniter\View\View->render('admin/kepegawaian/jabatan/v_jabatan', [], true)
 5 APPPATH\Controllers\Admin_jabatan.php(25): view('admin/kepegawaian/jabatan/v_jabatan', [...])
 6 SYSTEMPATH\CodeIgniter.php(933): App\Controllers\Admin_jabatan->index()
 7 SYSTEMPATH\CodeIgniter.php(507): CodeIgniter\CodeIgniter->runController(Object(App\Controllers\Admin_jabatan))
 8 SYSTEMPATH\CodeIgniter.php(354): CodeIgniter\CodeIgniter->handleRequest(null, Object(Config\Cache), false)
 9 SYSTEMPATH\Boot.php(334): CodeIgniter\CodeIgniter->run()
10 SYSTEMPATH\Boot.php(67): CodeIgniter\Boot::runCodeIgniter(Object(CodeIgniter\CodeIgniter))
11 FCPATH\index.php(59): CodeIgniter\Boot::bootWeb(Object(Config\Paths))
12 SYSTEMPATH\rewrite.php(44): require_once('D:\\laragon\\www\\app_sekolah_muhammadiyah\\public\\index.php')
DEBUG - 2025-05-21 03:15:16 --> Session: Class initialized using 'CodeIgniter\Session\Handlers\FileHandler' driver.
CRITICAL - 2025-05-21 03:15:16 --> ErrorException: Undefined variable $bentuk_pendidikan
[Method: GET, Route: admin_jabatan]
in APPPATH\Views\admin\kepegawaian\jabatan\v_jabatan.php on line 155.
 1 APPPATH\Views\admin\kepegawaian\jabatan\v_jabatan.php(155): CodeIgniter\Debug\Exceptions->errorHandler(2, 'Undefined variable $bentuk_pendidikan', 'D:\\laragon\\www\\app_sekolah_muhammadiyah\\app\\Views\\admin\\kepegawaian\\jabatan\\v_jabatan.php', 155)
 2 SYSTEMPATH\View\View.php(224): include('D:\\laragon\\www\\app_sekolah_muhammadiyah\\app\\Views\\admin\\kepegawaian\\jabatan\\v_jabatan.php')
 3 SYSTEMPATH\View\View.php(227): CodeIgniter\View\View->CodeIgniter\View\{closure}()
 4 SYSTEMPATH\Common.php(1173): CodeIgniter\View\View->render('admin/kepegawaian/jabatan/v_jabatan', [], true)
 5 APPPATH\Controllers\Admin_jabatan.php(25): view('admin/kepegawaian/jabatan/v_jabatan', [...])
 6 SYSTEMPATH\CodeIgniter.php(933): App\Controllers\Admin_jabatan->index()
 7 SYSTEMPATH\CodeIgniter.php(507): CodeIgniter\CodeIgniter->runController(Object(App\Controllers\Admin_jabatan))
 8 SYSTEMPATH\CodeIgniter.php(354): CodeIgniter\CodeIgniter->handleRequest(null, Object(Config\Cache), false)
 9 SYSTEMPATH\Boot.php(334): CodeIgniter\CodeIgniter->run()
10 SYSTEMPATH\Boot.php(67): CodeIgniter\Boot::runCodeIgniter(Object(CodeIgniter\CodeIgniter))
11 FCPATH\index.php(59): CodeIgniter\Boot::bootWeb(Object(Config\Paths))
12 SYSTEMPATH\rewrite.php(44): require_once('D:\\laragon\\www\\app_sekolah_muhammadiyah\\public\\index.php')
DEBUG - 2025-05-21 03:16:13 --> Session: Class initialized using 'CodeIgniter\Session\Handlers\FileHandler' driver.
DEBUG - 2025-05-21 03:16:19 --> Session: Class initialized using 'CodeIgniter\Session\Handlers\FileHandler' driver.
DEBUG - 2025-05-21 03:16:22 --> Session: Class initialized using 'CodeIgniter\Session\Handlers\FileHandler' driver.
DEBUG - 2025-05-21 03:17:19 --> Session: Class initialized using 'CodeIgniter\Session\Handlers\FileHandler' driver.
CRITICAL - 2025-05-21 03:17:19 --> ErrorException: Undefined variable $no
[Method: GET, Route: admin_jabatan]
in APPPATH\Views\admin\kepegawaian\jabatan\v_jabatan.php on line 79.
 1 APPPATH\Views\admin\kepegawaian\jabatan\v_jabatan.php(79): CodeIgniter\Debug\Exceptions->errorHandler(2, 'Undefined variable $no', 'D:\\laragon\\www\\app_sekolah_muhammadiyah\\app\\Views\\admin\\kepegawaian\\jabatan\\v_jabatan.php', 79)
 2 SYSTEMPATH\View\View.php(224): include('D:\\laragon\\www\\app_sekolah_muhammadiyah\\app\\Views\\admin\\kepegawaian\\jabatan\\v_jabatan.php')
 3 SYSTEMPATH\View\View.php(227): CodeIgniter\View\View->CodeIgniter\View\{closure}()
 4 SYSTEMPATH\Common.php(1173): CodeIgniter\View\View->render('admin/kepegawaian/jabatan/v_jabatan', [], true)
 5 APPPATH\Controllers\Admin_jabatan.php(25): view('admin/kepegawaian/jabatan/v_jabatan', [...])
 6 SYSTEMPATH\CodeIgniter.php(933): App\Controllers\Admin_jabatan->index()
 7 SYSTEMPATH\CodeIgniter.php(507): CodeIgniter\CodeIgniter->runController(Object(App\Controllers\Admin_jabatan))
 8 SYSTEMPATH\CodeIgniter.php(354): CodeIgniter\CodeIgniter->handleRequest(null, Object(Config\Cache), false)
 9 SYSTEMPATH\Boot.php(334): CodeIgniter\CodeIgniter->run()
10 SYSTEMPATH\Boot.php(67): CodeIgniter\Boot::runCodeIgniter(Object(CodeIgniter\CodeIgniter))
11 FCPATH\index.php(59): CodeIgniter\Boot::bootWeb(Object(Config\Paths))
12 SYSTEMPATH\rewrite.php(44): require_once('D:\\laragon\\www\\app_sekolah_muhammadiyah\\public\\index.php')
DEBUG - 2025-05-21 03:17:41 --> Session: Class initialized using 'CodeIgniter\Session\Handlers\FileHandler' driver.
DEBUG - 2025-05-21 03:19:18 --> Session: Class initialized using 'CodeIgniter\Session\Handlers\FileHandler' driver.
DEBUG - 2025-05-21 03:19:29 --> Session: Class initialized using 'CodeIgniter\Session\Handlers\FileHandler' driver.
DEBUG - 2025-05-21 03:20:21 --> Session: Class initialized using 'CodeIgniter\Session\Handlers\FileHandler' driver.
DEBUG - 2025-05-21 03:20:22 --> Session: Class initialized using 'CodeIgniter\Session\Handlers\FileHandler' driver.
ERROR - 2025-05-21 03:20:22 --> mysqli_sql_exception: Table 'db_sds.sm_siswa' doesn't exist in D:\laragon\www\app_sekolah_muhammadiyah\vendor\codeigniter4\framework\system\Database\MySQLi\Connection.php:327
Stack trace:
#0 D:\laragon\www\app_sekolah_muhammadiyah\vendor\codeigniter4\framework\system\Database\MySQLi\Connection.php(327): mysqli->query('SELECT `sm_sisw...', 0)
#1 D:\laragon\www\app_sekolah_muhammadiyah\vendor\codeigniter4\framework\system\Database\BaseConnection.php(738): CodeIgniter\Database\MySQLi\Connection->execute('SELECT `sm_sisw...')
#2 D:\laragon\www\app_sekolah_muhammadiyah\vendor\codeigniter4\framework\system\Database\BaseConnection.php(652): CodeIgniter\Database\BaseConnection->simpleQuery('SELECT `sm_sisw...')
#3 D:\laragon\www\app_sekolah_muhammadiyah\vendor\codeigniter4\framework\system\Database\BaseBuilder.php(1649): CodeIgniter\Database\BaseConnection->query('SELECT `sm_sisw...', Array, false)
#4 D:\laragon\www\app_sekolah_muhammadiyah\app\Models\Model_admin_siswa.php(29): CodeIgniter\Database\BaseBuilder->get()
#5 D:\laragon\www\app_sekolah_muhammadiyah\app\Controllers\Admin_siswa.php(29): App\Models\Model_admin_siswa->getSiswa()
#6 D:\laragon\www\app_sekolah_muhammadiyah\vendor\codeigniter4\framework\system\CodeIgniter.php(933): App\Controllers\Admin_siswa->index()
#7 D:\laragon\www\app_sekolah_muhammadiyah\vendor\codeigniter4\framework\system\CodeIgniter.php(507): CodeIgniter\CodeIgniter->runController(Object(App\Controllers\Admin_siswa))
#8 D:\laragon\www\app_sekolah_muhammadiyah\vendor\codeigniter4\framework\system\CodeIgniter.php(354): CodeIgniter\CodeIgniter->handleRequest(NULL, Object(Config\Cache), false)
#9 D:\laragon\www\app_sekolah_muhammadiyah\vendor\codeigniter4\framework\system\Boot.php(334): CodeIgniter\CodeIgniter->run()
#10 D:\laragon\www\app_sekolah_muhammadiyah\vendor\codeigniter4\framework\system\Boot.php(67): CodeIgniter\Boot::runCodeIgniter(Object(CodeIgniter\CodeIgniter))
#11 D:\laragon\www\app_sekolah_muhammadiyah\public\index.php(59): CodeIgniter\Boot::bootWeb(Object(Config\Paths))
#12 D:\laragon\www\app_sekolah_muhammadiyah\vendor\codeigniter4\framework\system\rewrite.php(44): require_once('D:\\laragon\\www\\...')
#13 {main}
CRITICAL - 2025-05-21 03:20:22 --> CodeIgniter\Database\Exceptions\DatabaseException: Table 'db_sds.sm_siswa' doesn't exist
[Method: GET, Route: admin_siswa]
in SYSTEMPATH\Database\BaseConnection.php on line 692.
 1 SYSTEMPATH\Database\BaseBuilder.php(1649): CodeIgniter\Database\BaseConnection->query('SELECT `sm_siswa`.*, `sm_bentuk_pendidikan`.`bentuk_pendidikan`, `sm_kelas`.`nama_kelas`, `sm_users`.*
FROM `sm_siswa`
LEFT JOIN `sm_bentuk_pendidikan` ON `sm_bentuk_pendidikan`.`id_bentuk_pendidikan` = `sm_siswa`.`bentuk_pendidikan_id`
LEFT JOIN `sm_kelas` ON `sm_kelas`.`id_kelas` = `sm_siswa`.`kelas_id`
LEFT JOIN `sm_users` ON `sm_users`.`kode_person` = `sm_siswa`.`nis`', [], false)
 2 APPPATH\Models\Model_admin_siswa.php(29): CodeIgniter\Database\BaseBuilder->get()
 3 APPPATH\Controllers\Admin_siswa.php(29): App\Models\Model_admin_siswa->getSiswa()
 4 SYSTEMPATH\CodeIgniter.php(933): App\Controllers\Admin_siswa->index()
 5 SYSTEMPATH\CodeIgniter.php(507): CodeIgniter\CodeIgniter->runController(Object(App\Controllers\Admin_siswa))
 6 SYSTEMPATH\CodeIgniter.php(354): CodeIgniter\CodeIgniter->handleRequest(null, Object(Config\Cache), false)
 7 SYSTEMPATH\Boot.php(334): CodeIgniter\CodeIgniter->run()
 8 SYSTEMPATH\Boot.php(67): CodeIgniter\Boot::runCodeIgniter(Object(CodeIgniter\CodeIgniter))
 9 FCPATH\index.php(59): CodeIgniter\Boot::bootWeb(Object(Config\Paths))
10 SYSTEMPATH\rewrite.php(44): require_once('D:\\laragon\\www\\app_sekolah_muhammadiyah\\public\\index.php')
CRITICAL - 2025-05-21 03:20:22 --> [Caused by] CodeIgniter\Database\Exceptions\DatabaseException: Table 'db_sds.sm_siswa' doesn't exist
in SYSTEMPATH\Database\MySQLi\Connection.php on line 332.
 1 SYSTEMPATH\Database\BaseConnection.php(738): CodeIgniter\Database\MySQLi\Connection->execute('SELECT `sm_siswa`.*, `sm_bentuk_pendidikan`.`bentuk_pendidikan`, `sm_kelas`.`nama_kelas`, `sm_users`.*
FROM `sm_siswa`
LEFT JOIN `sm_bentuk_pendidikan` ON `sm_bentuk_pendidikan`.`id_bentuk_pendidikan` = `sm_siswa`.`bentuk_pendidikan_id`
LEFT JOIN `sm_kelas` ON `sm_kelas`.`id_kelas` = `sm_siswa`.`kelas_id`
LEFT JOIN `sm_users` ON `sm_users`.`kode_person` = `sm_siswa`.`nis`')
 2 SYSTEMPATH\Database\BaseConnection.php(652): CodeIgniter\Database\BaseConnection->simpleQuery('SELECT `sm_siswa`.*, `sm_bentuk_pendidikan`.`bentuk_pendidikan`, `sm_kelas`.`nama_kelas`, `sm_users`.*
FROM `sm_siswa`
LEFT JOIN `sm_bentuk_pendidikan` ON `sm_bentuk_pendidikan`.`id_bentuk_pendidikan` = `sm_siswa`.`bentuk_pendidikan_id`
LEFT JOIN `sm_kelas` ON `sm_kelas`.`id_kelas` = `sm_siswa`.`kelas_id`
LEFT JOIN `sm_users` ON `sm_users`.`kode_person` = `sm_siswa`.`nis`')
 3 SYSTEMPATH\Database\BaseBuilder.php(1649): CodeIgniter\Database\BaseConnection->query('SELECT `sm_siswa`.*, `sm_bentuk_pendidikan`.`bentuk_pendidikan`, `sm_kelas`.`nama_kelas`, `sm_users`.*
FROM `sm_siswa`
LEFT JOIN `sm_bentuk_pendidikan` ON `sm_bentuk_pendidikan`.`id_bentuk_pendidikan` = `sm_siswa`.`bentuk_pendidikan_id`
LEFT JOIN `sm_kelas` ON `sm_kelas`.`id_kelas` = `sm_siswa`.`kelas_id`
LEFT JOIN `sm_users` ON `sm_users`.`kode_person` = `sm_siswa`.`nis`', [], false)
 4 APPPATH\Models\Model_admin_siswa.php(29): CodeIgniter\Database\BaseBuilder->get()
 5 APPPATH\Controllers\Admin_siswa.php(29): App\Models\Model_admin_siswa->getSiswa()
 6 SYSTEMPATH\CodeIgniter.php(933): App\Controllers\Admin_siswa->index()
 7 SYSTEMPATH\CodeIgniter.php(507): CodeIgniter\CodeIgniter->runController(Object(App\Controllers\Admin_siswa))
 8 SYSTEMPATH\CodeIgniter.php(354): CodeIgniter\CodeIgniter->handleRequest(null, Object(Config\Cache), false)
 9 SYSTEMPATH\Boot.php(334): CodeIgniter\CodeIgniter->run()
10 SYSTEMPATH\Boot.php(67): CodeIgniter\Boot::runCodeIgniter(Object(CodeIgniter\CodeIgniter))
11 FCPATH\index.php(59): CodeIgniter\Boot::bootWeb(Object(Config\Paths))
12 SYSTEMPATH\rewrite.php(44): require_once('D:\\laragon\\www\\app_sekolah_muhammadiyah\\public\\index.php')
CRITICAL - 2025-05-21 03:20:22 --> [Caused by] mysqli_sql_exception: Table 'db_sds.sm_siswa' doesn't exist
in SYSTEMPATH\Database\MySQLi\Connection.php on line 327.
 1 SYSTEMPATH\Database\MySQLi\Connection.php(327): mysqli->query('SELECT `sm_siswa`.*, `sm_bentuk_pendidikan`.`bentuk_pendidikan`, `sm_kelas`.`nama_kelas`, `sm_users`.*
FROM `sm_siswa`
LEFT JOIN `sm_bentuk_pendidikan` ON `sm_bentuk_pendidikan`.`id_bentuk_pendidikan` = `sm_siswa`.`bentuk_pendidikan_id`
LEFT JOIN `sm_kelas` ON `sm_kelas`.`id_kelas` = `sm_siswa`.`kelas_id`
LEFT JOIN `sm_users` ON `sm_users`.`kode_person` = `sm_siswa`.`nis`', 0)
 2 SYSTEMPATH\Database\BaseConnection.php(738): CodeIgniter\Database\MySQLi\Connection->execute('SELECT `sm_siswa`.*, `sm_bentuk_pendidikan`.`bentuk_pendidikan`, `sm_kelas`.`nama_kelas`, `sm_users`.*
FROM `sm_siswa`
LEFT JOIN `sm_bentuk_pendidikan` ON `sm_bentuk_pendidikan`.`id_bentuk_pendidikan` = `sm_siswa`.`bentuk_pendidikan_id`
LEFT JOIN `sm_kelas` ON `sm_kelas`.`id_kelas` = `sm_siswa`.`kelas_id`
LEFT JOIN `sm_users` ON `sm_users`.`kode_person` = `sm_siswa`.`nis`')
 3 SYSTEMPATH\Database\BaseConnection.php(652): CodeIgniter\Database\BaseConnection->simpleQuery('SELECT `sm_siswa`.*, `sm_bentuk_pendidikan`.`bentuk_pendidikan`, `sm_kelas`.`nama_kelas`, `sm_users`.*
FROM `sm_siswa`
LEFT JOIN `sm_bentuk_pendidikan` ON `sm_bentuk_pendidikan`.`id_bentuk_pendidikan` = `sm_siswa`.`bentuk_pendidikan_id`
LEFT JOIN `sm_kelas` ON `sm_kelas`.`id_kelas` = `sm_siswa`.`kelas_id`
LEFT JOIN `sm_users` ON `sm_users`.`kode_person` = `sm_siswa`.`nis`')
 4 SYSTEMPATH\Database\BaseBuilder.php(1649): CodeIgniter\Database\BaseConnection->query('SELECT `sm_siswa`.*, `sm_bentuk_pendidikan`.`bentuk_pendidikan`, `sm_kelas`.`nama_kelas`, `sm_users`.*
FROM `sm_siswa`
LEFT JOIN `sm_bentuk_pendidikan` ON `sm_bentuk_pendidikan`.`id_bentuk_pendidikan` = `sm_siswa`.`bentuk_pendidikan_id`
LEFT JOIN `sm_kelas` ON `sm_kelas`.`id_kelas` = `sm_siswa`.`kelas_id`
LEFT JOIN `sm_users` ON `sm_users`.`kode_person` = `sm_siswa`.`nis`', [], false)
 5 APPPATH\Models\Model_admin_siswa.php(29): CodeIgniter\Database\BaseBuilder->get()
 6 APPPATH\Controllers\Admin_siswa.php(29): App\Models\Model_admin_siswa->getSiswa()
 7 SYSTEMPATH\CodeIgniter.php(933): App\Controllers\Admin_siswa->index()
 8 SYSTEMPATH\CodeIgniter.php(507): CodeIgniter\CodeIgniter->runController(Object(App\Controllers\Admin_siswa))
 9 SYSTEMPATH\CodeIgniter.php(354): CodeIgniter\CodeIgniter->handleRequest(null, Object(Config\Cache), false)
10 SYSTEMPATH\Boot.php(334): CodeIgniter\CodeIgniter->run()
11 SYSTEMPATH\Boot.php(67): CodeIgniter\Boot::runCodeIgniter(Object(CodeIgniter\CodeIgniter))
12 FCPATH\index.php(59): CodeIgniter\Boot::bootWeb(Object(Config\Paths))
13 SYSTEMPATH\rewrite.php(44): require_once('D:\\laragon\\www\\app_sekolah_muhammadiyah\\public\\index.php')
DEBUG - 2025-05-21 03:20:25 --> Session: Class initialized using 'CodeIgniter\Session\Handlers\FileHandler' driver.
ERROR - 2025-05-21 03:20:25 --> mysqli_sql_exception: Table 'db_sds.sm_siswa' doesn't exist in D:\laragon\www\app_sekolah_muhammadiyah\vendor\codeigniter4\framework\system\Database\MySQLi\Connection.php:327
Stack trace:
#0 D:\laragon\www\app_sekolah_muhammadiyah\vendor\codeigniter4\framework\system\Database\MySQLi\Connection.php(327): mysqli->query('SELECT `sm_sisw...', 0)
#1 D:\laragon\www\app_sekolah_muhammadiyah\vendor\codeigniter4\framework\system\Database\BaseConnection.php(738): CodeIgniter\Database\MySQLi\Connection->execute('SELECT `sm_sisw...')
#2 D:\laragon\www\app_sekolah_muhammadiyah\vendor\codeigniter4\framework\system\Database\BaseConnection.php(652): CodeIgniter\Database\BaseConnection->simpleQuery('SELECT `sm_sisw...')
#3 D:\laragon\www\app_sekolah_muhammadiyah\vendor\codeigniter4\framework\system\Database\BaseBuilder.php(1649): CodeIgniter\Database\BaseConnection->query('SELECT `sm_sisw...', Array, false)
#4 D:\laragon\www\app_sekolah_muhammadiyah\app\Models\Model_admin_siswa.php(29): CodeIgniter\Database\BaseBuilder->get()
#5 D:\laragon\www\app_sekolah_muhammadiyah\app\Controllers\Admin_siswa.php(29): App\Models\Model_admin_siswa->getSiswa()
#6 D:\laragon\www\app_sekolah_muhammadiyah\vendor\codeigniter4\framework\system\CodeIgniter.php(933): App\Controllers\Admin_siswa->index()
#7 D:\laragon\www\app_sekolah_muhammadiyah\vendor\codeigniter4\framework\system\CodeIgniter.php(507): CodeIgniter\CodeIgniter->runController(Object(App\Controllers\Admin_siswa))
#8 D:\laragon\www\app_sekolah_muhammadiyah\vendor\codeigniter4\framework\system\CodeIgniter.php(354): CodeIgniter\CodeIgniter->handleRequest(NULL, Object(Config\Cache), false)
#9 D:\laragon\www\app_sekolah_muhammadiyah\vendor\codeigniter4\framework\system\Boot.php(334): CodeIgniter\CodeIgniter->run()
#10 D:\laragon\www\app_sekolah_muhammadiyah\vendor\codeigniter4\framework\system\Boot.php(67): CodeIgniter\Boot::runCodeIgniter(Object(CodeIgniter\CodeIgniter))
#11 D:\laragon\www\app_sekolah_muhammadiyah\public\index.php(59): CodeIgniter\Boot::bootWeb(Object(Config\Paths))
#12 D:\laragon\www\app_sekolah_muhammadiyah\vendor\codeigniter4\framework\system\rewrite.php(44): require_once('D:\\laragon\\www\\...')
#13 {main}
CRITICAL - 2025-05-21 03:20:25 --> CodeIgniter\Database\Exceptions\DatabaseException: Table 'db_sds.sm_siswa' doesn't exist
[Method: GET, Route: admin_siswa]
in SYSTEMPATH\Database\BaseConnection.php on line 692.
 1 SYSTEMPATH\Database\BaseBuilder.php(1649): CodeIgniter\Database\BaseConnection->query('SELECT `sm_siswa`.*, `sm_bentuk_pendidikan`.`bentuk_pendidikan`, `sm_kelas`.`nama_kelas`, `sm_users`.*
FROM `sm_siswa`
LEFT JOIN `sm_bentuk_pendidikan` ON `sm_bentuk_pendidikan`.`id_bentuk_pendidikan` = `sm_siswa`.`bentuk_pendidikan_id`
LEFT JOIN `sm_kelas` ON `sm_kelas`.`id_kelas` = `sm_siswa`.`kelas_id`
LEFT JOIN `sm_users` ON `sm_users`.`kode_person` = `sm_siswa`.`nis`', [], false)
 2 APPPATH\Models\Model_admin_siswa.php(29): CodeIgniter\Database\BaseBuilder->get()
 3 APPPATH\Controllers\Admin_siswa.php(29): App\Models\Model_admin_siswa->getSiswa()
 4 SYSTEMPATH\CodeIgniter.php(933): App\Controllers\Admin_siswa->index()
 5 SYSTEMPATH\CodeIgniter.php(507): CodeIgniter\CodeIgniter->runController(Object(App\Controllers\Admin_siswa))
 6 SYSTEMPATH\CodeIgniter.php(354): CodeIgniter\CodeIgniter->handleRequest(null, Object(Config\Cache), false)
 7 SYSTEMPATH\Boot.php(334): CodeIgniter\CodeIgniter->run()
 8 SYSTEMPATH\Boot.php(67): CodeIgniter\Boot::runCodeIgniter(Object(CodeIgniter\CodeIgniter))
 9 FCPATH\index.php(59): CodeIgniter\Boot::bootWeb(Object(Config\Paths))
10 SYSTEMPATH\rewrite.php(44): require_once('D:\\laragon\\www\\app_sekolah_muhammadiyah\\public\\index.php')
CRITICAL - 2025-05-21 03:20:25 --> [Caused by] CodeIgniter\Database\Exceptions\DatabaseException: Table 'db_sds.sm_siswa' doesn't exist
in SYSTEMPATH\Database\MySQLi\Connection.php on line 332.
 1 SYSTEMPATH\Database\BaseConnection.php(738): CodeIgniter\Database\MySQLi\Connection->execute('SELECT `sm_siswa`.*, `sm_bentuk_pendidikan`.`bentuk_pendidikan`, `sm_kelas`.`nama_kelas`, `sm_users`.*
FROM `sm_siswa`
LEFT JOIN `sm_bentuk_pendidikan` ON `sm_bentuk_pendidikan`.`id_bentuk_pendidikan` = `sm_siswa`.`bentuk_pendidikan_id`
LEFT JOIN `sm_kelas` ON `sm_kelas`.`id_kelas` = `sm_siswa`.`kelas_id`
LEFT JOIN `sm_users` ON `sm_users`.`kode_person` = `sm_siswa`.`nis`')
 2 SYSTEMPATH\Database\BaseConnection.php(652): CodeIgniter\Database\BaseConnection->simpleQuery('SELECT `sm_siswa`.*, `sm_bentuk_pendidikan`.`bentuk_pendidikan`, `sm_kelas`.`nama_kelas`, `sm_users`.*
FROM `sm_siswa`
LEFT JOIN `sm_bentuk_pendidikan` ON `sm_bentuk_pendidikan`.`id_bentuk_pendidikan` = `sm_siswa`.`bentuk_pendidikan_id`
LEFT JOIN `sm_kelas` ON `sm_kelas`.`id_kelas` = `sm_siswa`.`kelas_id`
LEFT JOIN `sm_users` ON `sm_users`.`kode_person` = `sm_siswa`.`nis`')
 3 SYSTEMPATH\Database\BaseBuilder.php(1649): CodeIgniter\Database\BaseConnection->query('SELECT `sm_siswa`.*, `sm_bentuk_pendidikan`.`bentuk_pendidikan`, `sm_kelas`.`nama_kelas`, `sm_users`.*
FROM `sm_siswa`
LEFT JOIN `sm_bentuk_pendidikan` ON `sm_bentuk_pendidikan`.`id_bentuk_pendidikan` = `sm_siswa`.`bentuk_pendidikan_id`
LEFT JOIN `sm_kelas` ON `sm_kelas`.`id_kelas` = `sm_siswa`.`kelas_id`
LEFT JOIN `sm_users` ON `sm_users`.`kode_person` = `sm_siswa`.`nis`', [], false)
 4 APPPATH\Models\Model_admin_siswa.php(29): CodeIgniter\Database\BaseBuilder->get()
 5 APPPATH\Controllers\Admin_siswa.php(29): App\Models\Model_admin_siswa->getSiswa()
 6 SYSTEMPATH\CodeIgniter.php(933): App\Controllers\Admin_siswa->index()
 7 SYSTEMPATH\CodeIgniter.php(507): CodeIgniter\CodeIgniter->runController(Object(App\Controllers\Admin_siswa))
 8 SYSTEMPATH\CodeIgniter.php(354): CodeIgniter\CodeIgniter->handleRequest(null, Object(Config\Cache), false)
 9 SYSTEMPATH\Boot.php(334): CodeIgniter\CodeIgniter->run()
10 SYSTEMPATH\Boot.php(67): CodeIgniter\Boot::runCodeIgniter(Object(CodeIgniter\CodeIgniter))
11 FCPATH\index.php(59): CodeIgniter\Boot::bootWeb(Object(Config\Paths))
12 SYSTEMPATH\rewrite.php(44): require_once('D:\\laragon\\www\\app_sekolah_muhammadiyah\\public\\index.php')
CRITICAL - 2025-05-21 03:20:25 --> [Caused by] mysqli_sql_exception: Table 'db_sds.sm_siswa' doesn't exist
in SYSTEMPATH\Database\MySQLi\Connection.php on line 327.
 1 SYSTEMPATH\Database\MySQLi\Connection.php(327): mysqli->query('SELECT `sm_siswa`.*, `sm_bentuk_pendidikan`.`bentuk_pendidikan`, `sm_kelas`.`nama_kelas`, `sm_users`.*
FROM `sm_siswa`
LEFT JOIN `sm_bentuk_pendidikan` ON `sm_bentuk_pendidikan`.`id_bentuk_pendidikan` = `sm_siswa`.`bentuk_pendidikan_id`
LEFT JOIN `sm_kelas` ON `sm_kelas`.`id_kelas` = `sm_siswa`.`kelas_id`
LEFT JOIN `sm_users` ON `sm_users`.`kode_person` = `sm_siswa`.`nis`', 0)
 2 SYSTEMPATH\Database\BaseConnection.php(738): CodeIgniter\Database\MySQLi\Connection->execute('SELECT `sm_siswa`.*, `sm_bentuk_pendidikan`.`bentuk_pendidikan`, `sm_kelas`.`nama_kelas`, `sm_users`.*
FROM `sm_siswa`
LEFT JOIN `sm_bentuk_pendidikan` ON `sm_bentuk_pendidikan`.`id_bentuk_pendidikan` = `sm_siswa`.`bentuk_pendidikan_id`
LEFT JOIN `sm_kelas` ON `sm_kelas`.`id_kelas` = `sm_siswa`.`kelas_id`
LEFT JOIN `sm_users` ON `sm_users`.`kode_person` = `sm_siswa`.`nis`')
 3 SYSTEMPATH\Database\BaseConnection.php(652): CodeIgniter\Database\BaseConnection->simpleQuery('SELECT `sm_siswa`.*, `sm_bentuk_pendidikan`.`bentuk_pendidikan`, `sm_kelas`.`nama_kelas`, `sm_users`.*
FROM `sm_siswa`
LEFT JOIN `sm_bentuk_pendidikan` ON `sm_bentuk_pendidikan`.`id_bentuk_pendidikan` = `sm_siswa`.`bentuk_pendidikan_id`
LEFT JOIN `sm_kelas` ON `sm_kelas`.`id_kelas` = `sm_siswa`.`kelas_id`
LEFT JOIN `sm_users` ON `sm_users`.`kode_person` = `sm_siswa`.`nis`')
 4 SYSTEMPATH\Database\BaseBuilder.php(1649): CodeIgniter\Database\BaseConnection->query('SELECT `sm_siswa`.*, `sm_bentuk_pendidikan`.`bentuk_pendidikan`, `sm_kelas`.`nama_kelas`, `sm_users`.*
FROM `sm_siswa`
LEFT JOIN `sm_bentuk_pendidikan` ON `sm_bentuk_pendidikan`.`id_bentuk_pendidikan` = `sm_siswa`.`bentuk_pendidikan_id`
LEFT JOIN `sm_kelas` ON `sm_kelas`.`id_kelas` = `sm_siswa`.`kelas_id`
LEFT JOIN `sm_users` ON `sm_users`.`kode_person` = `sm_siswa`.`nis`', [], false)
 5 APPPATH\Models\Model_admin_siswa.php(29): CodeIgniter\Database\BaseBuilder->get()
 6 APPPATH\Controllers\Admin_siswa.php(29): App\Models\Model_admin_siswa->getSiswa()
 7 SYSTEMPATH\CodeIgniter.php(933): App\Controllers\Admin_siswa->index()
 8 SYSTEMPATH\CodeIgniter.php(507): CodeIgniter\CodeIgniter->runController(Object(App\Controllers\Admin_siswa))
 9 SYSTEMPATH\CodeIgniter.php(354): CodeIgniter\CodeIgniter->handleRequest(null, Object(Config\Cache), false)
10 SYSTEMPATH\Boot.php(334): CodeIgniter\CodeIgniter->run()
11 SYSTEMPATH\Boot.php(67): CodeIgniter\Boot::runCodeIgniter(Object(CodeIgniter\CodeIgniter))
12 FCPATH\index.php(59): CodeIgniter\Boot::bootWeb(Object(Config\Paths))
13 SYSTEMPATH\rewrite.php(44): require_once('D:\\laragon\\www\\app_sekolah_muhammadiyah\\public\\index.php')
DEBUG - 2025-05-21 03:20:30 --> Session: Class initialized using 'CodeIgniter\Session\Handlers\FileHandler' driver.
DEBUG - 2025-05-21 03:21:34 --> Session: Class initialized using 'CodeIgniter\Session\Handlers\FileHandler' driver.
DEBUG - 2025-05-21 03:22:21 --> Session: Class initialized using 'CodeIgniter\Session\Handlers\FileHandler' driver.
DEBUG - 2025-05-21 03:23:13 --> Session: Class initialized using 'CodeIgniter\Session\Handlers\FileHandler' driver.
DEBUG - 2025-05-21 03:28:23 --> Session: Class initialized using 'CodeIgniter\Session\Handlers\FileHandler' driver.
DEBUG - 2025-05-21 03:28:26 --> Session: Class initialized using 'CodeIgniter\Session\Handlers\FileHandler' driver.
DEBUG - 2025-05-21 03:28:47 --> Session: Class initialized using 'CodeIgniter\Session\Handlers\FileHandler' driver.
DEBUG - 2025-05-21 03:29:10 --> Session: Class initialized using 'CodeIgniter\Session\Handlers\FileHandler' driver.
DEBUG - 2025-05-21 03:29:20 --> Session: Class initialized using 'CodeIgniter\Session\Handlers\FileHandler' driver.
DEBUG - 2025-05-21 03:29:21 --> Session: Class initialized using 'CodeIgniter\Session\Handlers\FileHandler' driver.
DEBUG - 2025-05-21 03:29:42 --> Session: Class initialized using 'CodeIgniter\Session\Handlers\FileHandler' driver.
DEBUG - 2025-05-21 03:29:44 --> Session: Class initialized using 'CodeIgniter\Session\Handlers\FileHandler' driver.
DEBUG - 2025-05-21 03:29:46 --> Session: Class initialized using 'CodeIgniter\Session\Handlers\FileHandler' driver.
ERROR - 2025-05-21 03:29:46 --> mysqli_sql_exception: Table 'db_sds.sm_siswa' doesn't exist in D:\laragon\www\app_sekolah_muhammadiyah\vendor\codeigniter4\framework\system\Database\MySQLi\Connection.php:327
Stack trace:
#0 D:\laragon\www\app_sekolah_muhammadiyah\vendor\codeigniter4\framework\system\Database\MySQLi\Connection.php(327): mysqli->query('SELECT `sm_sisw...', 0)
#1 D:\laragon\www\app_sekolah_muhammadiyah\vendor\codeigniter4\framework\system\Database\BaseConnection.php(738): CodeIgniter\Database\MySQLi\Connection->execute('SELECT `sm_sisw...')
#2 D:\laragon\www\app_sekolah_muhammadiyah\vendor\codeigniter4\framework\system\Database\BaseConnection.php(652): CodeIgniter\Database\BaseConnection->simpleQuery('SELECT `sm_sisw...')
#3 D:\laragon\www\app_sekolah_muhammadiyah\vendor\codeigniter4\framework\system\Database\BaseBuilder.php(1649): CodeIgniter\Database\BaseConnection->query('SELECT `sm_sisw...', Array, false)
#4 D:\laragon\www\app_sekolah_muhammadiyah\app\Models\Model_admin_siswa.php(29): CodeIgniter\Database\BaseBuilder->get()
#5 D:\laragon\www\app_sekolah_muhammadiyah\app\Controllers\Admin_siswa.php(29): App\Models\Model_admin_siswa->getSiswa()
#6 D:\laragon\www\app_sekolah_muhammadiyah\vendor\codeigniter4\framework\system\CodeIgniter.php(933): App\Controllers\Admin_siswa->index()
#7 D:\laragon\www\app_sekolah_muhammadiyah\vendor\codeigniter4\framework\system\CodeIgniter.php(507): CodeIgniter\CodeIgniter->runController(Object(App\Controllers\Admin_siswa))
#8 D:\laragon\www\app_sekolah_muhammadiyah\vendor\codeigniter4\framework\system\CodeIgniter.php(354): CodeIgniter\CodeIgniter->handleRequest(NULL, Object(Config\Cache), false)
#9 D:\laragon\www\app_sekolah_muhammadiyah\vendor\codeigniter4\framework\system\Boot.php(334): CodeIgniter\CodeIgniter->run()
#10 D:\laragon\www\app_sekolah_muhammadiyah\vendor\codeigniter4\framework\system\Boot.php(67): CodeIgniter\Boot::runCodeIgniter(Object(CodeIgniter\CodeIgniter))
#11 D:\laragon\www\app_sekolah_muhammadiyah\public\index.php(59): CodeIgniter\Boot::bootWeb(Object(Config\Paths))
#12 D:\laragon\www\app_sekolah_muhammadiyah\vendor\codeigniter4\framework\system\rewrite.php(44): require_once('D:\\laragon\\www\\...')
#13 {main}
CRITICAL - 2025-05-21 03:29:46 --> CodeIgniter\Database\Exceptions\DatabaseException: Table 'db_sds.sm_siswa' doesn't exist
[Method: GET, Route: admin_siswa]
in SYSTEMPATH\Database\BaseConnection.php on line 692.
 1 SYSTEMPATH\Database\BaseBuilder.php(1649): CodeIgniter\Database\BaseConnection->query('SELECT `sm_siswa`.*, `sm_bentuk_pendidikan`.`bentuk_pendidikan`, `sm_kelas`.`nama_kelas`, `sm_users`.*
FROM `sm_siswa`
LEFT JOIN `sm_bentuk_pendidikan` ON `sm_bentuk_pendidikan`.`id_bentuk_pendidikan` = `sm_siswa`.`bentuk_pendidikan_id`
LEFT JOIN `sm_kelas` ON `sm_kelas`.`id_kelas` = `sm_siswa`.`kelas_id`
LEFT JOIN `sm_users` ON `sm_users`.`kode_person` = `sm_siswa`.`nis`', [], false)
 2 APPPATH\Models\Model_admin_siswa.php(29): CodeIgniter\Database\BaseBuilder->get()
 3 APPPATH\Controllers\Admin_siswa.php(29): App\Models\Model_admin_siswa->getSiswa()
 4 SYSTEMPATH\CodeIgniter.php(933): App\Controllers\Admin_siswa->index()
 5 SYSTEMPATH\CodeIgniter.php(507): CodeIgniter\CodeIgniter->runController(Object(App\Controllers\Admin_siswa))
 6 SYSTEMPATH\CodeIgniter.php(354): CodeIgniter\CodeIgniter->handleRequest(null, Object(Config\Cache), false)
 7 SYSTEMPATH\Boot.php(334): CodeIgniter\CodeIgniter->run()
 8 SYSTEMPATH\Boot.php(67): CodeIgniter\Boot::runCodeIgniter(Object(CodeIgniter\CodeIgniter))
 9 FCPATH\index.php(59): CodeIgniter\Boot::bootWeb(Object(Config\Paths))
10 SYSTEMPATH\rewrite.php(44): require_once('D:\\laragon\\www\\app_sekolah_muhammadiyah\\public\\index.php')
CRITICAL - 2025-05-21 03:29:46 --> [Caused by] CodeIgniter\Database\Exceptions\DatabaseException: Table 'db_sds.sm_siswa' doesn't exist
in SYSTEMPATH\Database\MySQLi\Connection.php on line 332.
 1 SYSTEMPATH\Database\BaseConnection.php(738): CodeIgniter\Database\MySQLi\Connection->execute('SELECT `sm_siswa`.*, `sm_bentuk_pendidikan`.`bentuk_pendidikan`, `sm_kelas`.`nama_kelas`, `sm_users`.*
FROM `sm_siswa`
LEFT JOIN `sm_bentuk_pendidikan` ON `sm_bentuk_pendidikan`.`id_bentuk_pendidikan` = `sm_siswa`.`bentuk_pendidikan_id`
LEFT JOIN `sm_kelas` ON `sm_kelas`.`id_kelas` = `sm_siswa`.`kelas_id`
LEFT JOIN `sm_users` ON `sm_users`.`kode_person` = `sm_siswa`.`nis`')
 2 SYSTEMPATH\Database\BaseConnection.php(652): CodeIgniter\Database\BaseConnection->simpleQuery('SELECT `sm_siswa`.*, `sm_bentuk_pendidikan`.`bentuk_pendidikan`, `sm_kelas`.`nama_kelas`, `sm_users`.*
FROM `sm_siswa`
LEFT JOIN `sm_bentuk_pendidikan` ON `sm_bentuk_pendidikan`.`id_bentuk_pendidikan` = `sm_siswa`.`bentuk_pendidikan_id`
LEFT JOIN `sm_kelas` ON `sm_kelas`.`id_kelas` = `sm_siswa`.`kelas_id`
LEFT JOIN `sm_users` ON `sm_users`.`kode_person` = `sm_siswa`.`nis`')
 3 SYSTEMPATH\Database\BaseBuilder.php(1649): CodeIgniter\Database\BaseConnection->query('SELECT `sm_siswa`.*, `sm_bentuk_pendidikan`.`bentuk_pendidikan`, `sm_kelas`.`nama_kelas`, `sm_users`.*
FROM `sm_siswa`
LEFT JOIN `sm_bentuk_pendidikan` ON `sm_bentuk_pendidikan`.`id_bentuk_pendidikan` = `sm_siswa`.`bentuk_pendidikan_id`
LEFT JOIN `sm_kelas` ON `sm_kelas`.`id_kelas` = `sm_siswa`.`kelas_id`
LEFT JOIN `sm_users` ON `sm_users`.`kode_person` = `sm_siswa`.`nis`', [], false)
 4 APPPATH\Models\Model_admin_siswa.php(29): CodeIgniter\Database\BaseBuilder->get()
 5 APPPATH\Controllers\Admin_siswa.php(29): App\Models\Model_admin_siswa->getSiswa()
 6 SYSTEMPATH\CodeIgniter.php(933): App\Controllers\Admin_siswa->index()
 7 SYSTEMPATH\CodeIgniter.php(507): CodeIgniter\CodeIgniter->runController(Object(App\Controllers\Admin_siswa))
 8 SYSTEMPATH\CodeIgniter.php(354): CodeIgniter\CodeIgniter->handleRequest(null, Object(Config\Cache), false)
 9 SYSTEMPATH\Boot.php(334): CodeIgniter\CodeIgniter->run()
10 SYSTEMPATH\Boot.php(67): CodeIgniter\Boot::runCodeIgniter(Object(CodeIgniter\CodeIgniter))
11 FCPATH\index.php(59): CodeIgniter\Boot::bootWeb(Object(Config\Paths))
12 SYSTEMPATH\rewrite.php(44): require_once('D:\\laragon\\www\\app_sekolah_muhammadiyah\\public\\index.php')
CRITICAL - 2025-05-21 03:29:46 --> [Caused by] mysqli_sql_exception: Table 'db_sds.sm_siswa' doesn't exist
in SYSTEMPATH\Database\MySQLi\Connection.php on line 327.
 1 SYSTEMPATH\Database\MySQLi\Connection.php(327): mysqli->query('SELECT `sm_siswa`.*, `sm_bentuk_pendidikan`.`bentuk_pendidikan`, `sm_kelas`.`nama_kelas`, `sm_users`.*
FROM `sm_siswa`
LEFT JOIN `sm_bentuk_pendidikan` ON `sm_bentuk_pendidikan`.`id_bentuk_pendidikan` = `sm_siswa`.`bentuk_pendidikan_id`
LEFT JOIN `sm_kelas` ON `sm_kelas`.`id_kelas` = `sm_siswa`.`kelas_id`
LEFT JOIN `sm_users` ON `sm_users`.`kode_person` = `sm_siswa`.`nis`', 0)
 2 SYSTEMPATH\Database\BaseConnection.php(738): CodeIgniter\Database\MySQLi\Connection->execute('SELECT `sm_siswa`.*, `sm_bentuk_pendidikan`.`bentuk_pendidikan`, `sm_kelas`.`nama_kelas`, `sm_users`.*
FROM `sm_siswa`
LEFT JOIN `sm_bentuk_pendidikan` ON `sm_bentuk_pendidikan`.`id_bentuk_pendidikan` = `sm_siswa`.`bentuk_pendidikan_id`
LEFT JOIN `sm_kelas` ON `sm_kelas`.`id_kelas` = `sm_siswa`.`kelas_id`
LEFT JOIN `sm_users` ON `sm_users`.`kode_person` = `sm_siswa`.`nis`')
 3 SYSTEMPATH\Database\BaseConnection.php(652): CodeIgniter\Database\BaseConnection->simpleQuery('SELECT `sm_siswa`.*, `sm_bentuk_pendidikan`.`bentuk_pendidikan`, `sm_kelas`.`nama_kelas`, `sm_users`.*
FROM `sm_siswa`
LEFT JOIN `sm_bentuk_pendidikan` ON `sm_bentuk_pendidikan`.`id_bentuk_pendidikan` = `sm_siswa`.`bentuk_pendidikan_id`
LEFT JOIN `sm_kelas` ON `sm_kelas`.`id_kelas` = `sm_siswa`.`kelas_id`
LEFT JOIN `sm_users` ON `sm_users`.`kode_person` = `sm_siswa`.`nis`')
 4 SYSTEMPATH\Database\BaseBuilder.php(1649): CodeIgniter\Database\BaseConnection->query('SELECT `sm_siswa`.*, `sm_bentuk_pendidikan`.`bentuk_pendidikan`, `sm_kelas`.`nama_kelas`, `sm_users`.*
FROM `sm_siswa`
LEFT JOIN `sm_bentuk_pendidikan` ON `sm_bentuk_pendidikan`.`id_bentuk_pendidikan` = `sm_siswa`.`bentuk_pendidikan_id`
LEFT JOIN `sm_kelas` ON `sm_kelas`.`id_kelas` = `sm_siswa`.`kelas_id`
LEFT JOIN `sm_users` ON `sm_users`.`kode_person` = `sm_siswa`.`nis`', [], false)
 5 APPPATH\Models\Model_admin_siswa.php(29): CodeIgniter\Database\BaseBuilder->get()
 6 APPPATH\Controllers\Admin_siswa.php(29): App\Models\Model_admin_siswa->getSiswa()
 7 SYSTEMPATH\CodeIgniter.php(933): App\Controllers\Admin_siswa->index()
 8 SYSTEMPATH\CodeIgniter.php(507): CodeIgniter\CodeIgniter->runController(Object(App\Controllers\Admin_siswa))
 9 SYSTEMPATH\CodeIgniter.php(354): CodeIgniter\CodeIgniter->handleRequest(null, Object(Config\Cache), false)
10 SYSTEMPATH\Boot.php(334): CodeIgniter\CodeIgniter->run()
11 SYSTEMPATH\Boot.php(67): CodeIgniter\Boot::runCodeIgniter(Object(CodeIgniter\CodeIgniter))
12 FCPATH\index.php(59): CodeIgniter\Boot::bootWeb(Object(Config\Paths))
13 SYSTEMPATH\rewrite.php(44): require_once('D:\\laragon\\www\\app_sekolah_muhammadiyah\\public\\index.php')
DEBUG - 2025-05-21 03:29:48 --> Session: Class initialized using 'CodeIgniter\Session\Handlers\FileHandler' driver.
DEBUG - 2025-05-21 03:30:59 --> Session: Class initialized using 'CodeIgniter\Session\Handlers\FileHandler' driver.
DEBUG - 2025-05-21 03:31:07 --> Session: Class initialized using 'CodeIgniter\Session\Handlers\FileHandler' driver.
DEBUG - 2025-05-21 03:36:01 --> Session: Class initialized using 'CodeIgniter\Session\Handlers\FileHandler' driver.
DEBUG - 2025-05-21 03:37:44 --> Session: Class initialized using 'CodeIgniter\Session\Handlers\FileHandler' driver.
DEBUG - 2025-05-21 03:44:53 --> Session: Class initialized using 'CodeIgniter\Session\Handlers\FileHandler' driver.
DEBUG - 2025-05-21 03:55:10 --> Session: Class initialized using 'CodeIgniter\Session\Handlers\FileHandler' driver.
DEBUG - 2025-05-21 03:55:27 --> Session: Class initialized using 'CodeIgniter\Session\Handlers\FileHandler' driver.
DEBUG - 2025-05-21 03:55:27 --> Session: Class initialized using 'CodeIgniter\Session\Handlers\FileHandler' driver.
DEBUG - 2025-05-21 03:55:33 --> Session: Class initialized using 'CodeIgniter\Session\Handlers\FileHandler' driver.
ERROR - 2025-05-21 03:55:33 --> mysqli_sql_exception: Table 'db_sds.sm_siswa' doesn't exist in D:\laragon\www\app_sekolah_muhammadiyah\vendor\codeigniter4\framework\system\Database\MySQLi\Connection.php:327
Stack trace:
#0 D:\laragon\www\app_sekolah_muhammadiyah\vendor\codeigniter4\framework\system\Database\MySQLi\Connection.php(327): mysqli->query('SELECT `sm_sisw...', 0)
#1 D:\laragon\www\app_sekolah_muhammadiyah\vendor\codeigniter4\framework\system\Database\BaseConnection.php(738): CodeIgniter\Database\MySQLi\Connection->execute('SELECT `sm_sisw...')
#2 D:\laragon\www\app_sekolah_muhammadiyah\vendor\codeigniter4\framework\system\Database\BaseConnection.php(652): CodeIgniter\Database\BaseConnection->simpleQuery('SELECT `sm_sisw...')
#3 D:\laragon\www\app_sekolah_muhammadiyah\vendor\codeigniter4\framework\system\Database\BaseBuilder.php(1649): CodeIgniter\Database\BaseConnection->query('SELECT `sm_sisw...', Array, false)
#4 D:\laragon\www\app_sekolah_muhammadiyah\app\Models\Model_admin_siswa.php(29): CodeIgniter\Database\BaseBuilder->get()
#5 D:\laragon\www\app_sekolah_muhammadiyah\app\Controllers\Admin_siswa.php(29): App\Models\Model_admin_siswa->getSiswa()
#6 D:\laragon\www\app_sekolah_muhammadiyah\vendor\codeigniter4\framework\system\CodeIgniter.php(933): App\Controllers\Admin_siswa->index()
#7 D:\laragon\www\app_sekolah_muhammadiyah\vendor\codeigniter4\framework\system\CodeIgniter.php(507): CodeIgniter\CodeIgniter->runController(Object(App\Controllers\Admin_siswa))
#8 D:\laragon\www\app_sekolah_muhammadiyah\vendor\codeigniter4\framework\system\CodeIgniter.php(354): CodeIgniter\CodeIgniter->handleRequest(NULL, Object(Config\Cache), false)
#9 D:\laragon\www\app_sekolah_muhammadiyah\vendor\codeigniter4\framework\system\Boot.php(334): CodeIgniter\CodeIgniter->run()
#10 D:\laragon\www\app_sekolah_muhammadiyah\vendor\codeigniter4\framework\system\Boot.php(67): CodeIgniter\Boot::runCodeIgniter(Object(CodeIgniter\CodeIgniter))
#11 D:\laragon\www\app_sekolah_muhammadiyah\public\index.php(59): CodeIgniter\Boot::bootWeb(Object(Config\Paths))
#12 D:\laragon\www\app_sekolah_muhammadiyah\vendor\codeigniter4\framework\system\rewrite.php(44): require_once('D:\\laragon\\www\\...')
#13 {main}
CRITICAL - 2025-05-21 03:55:33 --> CodeIgniter\Database\Exceptions\DatabaseException: Table 'db_sds.sm_siswa' doesn't exist
[Method: GET, Route: admin_siswa]
in SYSTEMPATH\Database\BaseConnection.php on line 692.
 1 SYSTEMPATH\Database\BaseBuilder.php(1649): CodeIgniter\Database\BaseConnection->query('SELECT `sm_siswa`.*, `sm_bentuk_pendidikan`.`bentuk_pendidikan`, `sm_kelas`.`nama_kelas`, `sm_users`.*
FROM `sm_siswa`
LEFT JOIN `sm_bentuk_pendidikan` ON `sm_bentuk_pendidikan`.`id_bentuk_pendidikan` = `sm_siswa`.`bentuk_pendidikan_id`
LEFT JOIN `sm_kelas` ON `sm_kelas`.`id_kelas` = `sm_siswa`.`kelas_id`
LEFT JOIN `sm_users` ON `sm_users`.`kode_person` = `sm_siswa`.`nis`', [], false)
 2 APPPATH\Models\Model_admin_siswa.php(29): CodeIgniter\Database\BaseBuilder->get()
 3 APPPATH\Controllers\Admin_siswa.php(29): App\Models\Model_admin_siswa->getSiswa()
 4 SYSTEMPATH\CodeIgniter.php(933): App\Controllers\Admin_siswa->index()
 5 SYSTEMPATH\CodeIgniter.php(507): CodeIgniter\CodeIgniter->runController(Object(App\Controllers\Admin_siswa))
 6 SYSTEMPATH\CodeIgniter.php(354): CodeIgniter\CodeIgniter->handleRequest(null, Object(Config\Cache), false)
 7 SYSTEMPATH\Boot.php(334): CodeIgniter\CodeIgniter->run()
 8 SYSTEMPATH\Boot.php(67): CodeIgniter\Boot::runCodeIgniter(Object(CodeIgniter\CodeIgniter))
 9 FCPATH\index.php(59): CodeIgniter\Boot::bootWeb(Object(Config\Paths))
10 SYSTEMPATH\rewrite.php(44): require_once('D:\\laragon\\www\\app_sekolah_muhammadiyah\\public\\index.php')
CRITICAL - 2025-05-21 03:55:33 --> [Caused by] CodeIgniter\Database\Exceptions\DatabaseException: Table 'db_sds.sm_siswa' doesn't exist
in SYSTEMPATH\Database\MySQLi\Connection.php on line 332.
 1 SYSTEMPATH\Database\BaseConnection.php(738): CodeIgniter\Database\MySQLi\Connection->execute('SELECT `sm_siswa`.*, `sm_bentuk_pendidikan`.`bentuk_pendidikan`, `sm_kelas`.`nama_kelas`, `sm_users`.*
FROM `sm_siswa`
LEFT JOIN `sm_bentuk_pendidikan` ON `sm_bentuk_pendidikan`.`id_bentuk_pendidikan` = `sm_siswa`.`bentuk_pendidikan_id`
LEFT JOIN `sm_kelas` ON `sm_kelas`.`id_kelas` = `sm_siswa`.`kelas_id`
LEFT JOIN `sm_users` ON `sm_users`.`kode_person` = `sm_siswa`.`nis`')
 2 SYSTEMPATH\Database\BaseConnection.php(652): CodeIgniter\Database\BaseConnection->simpleQuery('SELECT `sm_siswa`.*, `sm_bentuk_pendidikan`.`bentuk_pendidikan`, `sm_kelas`.`nama_kelas`, `sm_users`.*
FROM `sm_siswa`
LEFT JOIN `sm_bentuk_pendidikan` ON `sm_bentuk_pendidikan`.`id_bentuk_pendidikan` = `sm_siswa`.`bentuk_pendidikan_id`
LEFT JOIN `sm_kelas` ON `sm_kelas`.`id_kelas` = `sm_siswa`.`kelas_id`
LEFT JOIN `sm_users` ON `sm_users`.`kode_person` = `sm_siswa`.`nis`')
 3 SYSTEMPATH\Database\BaseBuilder.php(1649): CodeIgniter\Database\BaseConnection->query('SELECT `sm_siswa`.*, `sm_bentuk_pendidikan`.`bentuk_pendidikan`, `sm_kelas`.`nama_kelas`, `sm_users`.*
FROM `sm_siswa`
LEFT JOIN `sm_bentuk_pendidikan` ON `sm_bentuk_pendidikan`.`id_bentuk_pendidikan` = `sm_siswa`.`bentuk_pendidikan_id`
LEFT JOIN `sm_kelas` ON `sm_kelas`.`id_kelas` = `sm_siswa`.`kelas_id`
LEFT JOIN `sm_users` ON `sm_users`.`kode_person` = `sm_siswa`.`nis`', [], false)
 4 APPPATH\Models\Model_admin_siswa.php(29): CodeIgniter\Database\BaseBuilder->get()
 5 APPPATH\Controllers\Admin_siswa.php(29): App\Models\Model_admin_siswa->getSiswa()
 6 SYSTEMPATH\CodeIgniter.php(933): App\Controllers\Admin_siswa->index()
 7 SYSTEMPATH\CodeIgniter.php(507): CodeIgniter\CodeIgniter->runController(Object(App\Controllers\Admin_siswa))
 8 SYSTEMPATH\CodeIgniter.php(354): CodeIgniter\CodeIgniter->handleRequest(null, Object(Config\Cache), false)
 9 SYSTEMPATH\Boot.php(334): CodeIgniter\CodeIgniter->run()
10 SYSTEMPATH\Boot.php(67): CodeIgniter\Boot::runCodeIgniter(Object(CodeIgniter\CodeIgniter))
11 FCPATH\index.php(59): CodeIgniter\Boot::bootWeb(Object(Config\Paths))
12 SYSTEMPATH\rewrite.php(44): require_once('D:\\laragon\\www\\app_sekolah_muhammadiyah\\public\\index.php')
CRITICAL - 2025-05-21 03:55:33 --> [Caused by] mysqli_sql_exception: Table 'db_sds.sm_siswa' doesn't exist
in SYSTEMPATH\Database\MySQLi\Connection.php on line 327.
 1 SYSTEMPATH\Database\MySQLi\Connection.php(327): mysqli->query('SELECT `sm_siswa`.*, `sm_bentuk_pendidikan`.`bentuk_pendidikan`, `sm_kelas`.`nama_kelas`, `sm_users`.*
FROM `sm_siswa`
LEFT JOIN `sm_bentuk_pendidikan` ON `sm_bentuk_pendidikan`.`id_bentuk_pendidikan` = `sm_siswa`.`bentuk_pendidikan_id`
LEFT JOIN `sm_kelas` ON `sm_kelas`.`id_kelas` = `sm_siswa`.`kelas_id`
LEFT JOIN `sm_users` ON `sm_users`.`kode_person` = `sm_siswa`.`nis`', 0)
 2 SYSTEMPATH\Database\BaseConnection.php(738): CodeIgniter\Database\MySQLi\Connection->execute('SELECT `sm_siswa`.*, `sm_bentuk_pendidikan`.`bentuk_pendidikan`, `sm_kelas`.`nama_kelas`, `sm_users`.*
FROM `sm_siswa`
LEFT JOIN `sm_bentuk_pendidikan` ON `sm_bentuk_pendidikan`.`id_bentuk_pendidikan` = `sm_siswa`.`bentuk_pendidikan_id`
LEFT JOIN `sm_kelas` ON `sm_kelas`.`id_kelas` = `sm_siswa`.`kelas_id`
LEFT JOIN `sm_users` ON `sm_users`.`kode_person` = `sm_siswa`.`nis`')
 3 SYSTEMPATH\Database\BaseConnection.php(652): CodeIgniter\Database\BaseConnection->simpleQuery('SELECT `sm_siswa`.*, `sm_bentuk_pendidikan`.`bentuk_pendidikan`, `sm_kelas`.`nama_kelas`, `sm_users`.*
FROM `sm_siswa`
LEFT JOIN `sm_bentuk_pendidikan` ON `sm_bentuk_pendidikan`.`id_bentuk_pendidikan` = `sm_siswa`.`bentuk_pendidikan_id`
LEFT JOIN `sm_kelas` ON `sm_kelas`.`id_kelas` = `sm_siswa`.`kelas_id`
LEFT JOIN `sm_users` ON `sm_users`.`kode_person` = `sm_siswa`.`nis`')
 4 SYSTEMPATH\Database\BaseBuilder.php(1649): CodeIgniter\Database\BaseConnection->query('SELECT `sm_siswa`.*, `sm_bentuk_pendidikan`.`bentuk_pendidikan`, `sm_kelas`.`nama_kelas`, `sm_users`.*
FROM `sm_siswa`
LEFT JOIN `sm_bentuk_pendidikan` ON `sm_bentuk_pendidikan`.`id_bentuk_pendidikan` = `sm_siswa`.`bentuk_pendidikan_id`
LEFT JOIN `sm_kelas` ON `sm_kelas`.`id_kelas` = `sm_siswa`.`kelas_id`
LEFT JOIN `sm_users` ON `sm_users`.`kode_person` = `sm_siswa`.`nis`', [], false)
 5 APPPATH\Models\Model_admin_siswa.php(29): CodeIgniter\Database\BaseBuilder->get()
 6 APPPATH\Controllers\Admin_siswa.php(29): App\Models\Model_admin_siswa->getSiswa()
 7 SYSTEMPATH\CodeIgniter.php(933): App\Controllers\Admin_siswa->index()
 8 SYSTEMPATH\CodeIgniter.php(507): CodeIgniter\CodeIgniter->runController(Object(App\Controllers\Admin_siswa))
 9 SYSTEMPATH\CodeIgniter.php(354): CodeIgniter\CodeIgniter->handleRequest(null, Object(Config\Cache), false)
10 SYSTEMPATH\Boot.php(334): CodeIgniter\CodeIgniter->run()
11 SYSTEMPATH\Boot.php(67): CodeIgniter\Boot::runCodeIgniter(Object(CodeIgniter\CodeIgniter))
12 FCPATH\index.php(59): CodeIgniter\Boot::bootWeb(Object(Config\Paths))
13 SYSTEMPATH\rewrite.php(44): require_once('D:\\laragon\\www\\app_sekolah_muhammadiyah\\public\\index.php')
DEBUG - 2025-05-21 03:56:05 --> Session: Class initialized using 'CodeIgniter\Session\Handlers\FileHandler' driver.
DEBUG - 2025-05-21 03:56:14 --> Session: Class initialized using 'CodeIgniter\Session\Handlers\FileHandler' driver.
DEBUG - 2025-05-21 04:01:26 --> Session: Class initialized using 'CodeIgniter\Session\Handlers\FileHandler' driver.
DEBUG - 2025-05-21 04:04:32 --> Session: Class initialized using 'CodeIgniter\Session\Handlers\FileHandler' driver.
DEBUG - 2025-05-21 04:07:22 --> Session: Class initialized using 'CodeIgniter\Session\Handlers\FileHandler' driver.
ERROR - 2025-05-21 04:07:22 --> mysqli_sql_exception: Table 'db_sds.sm_siswa' doesn't exist in D:\laragon\www\app_sekolah_muhammadiyah\vendor\codeigniter4\framework\system\Database\MySQLi\Connection.php:327
Stack trace:
#0 D:\laragon\www\app_sekolah_muhammadiyah\vendor\codeigniter4\framework\system\Database\MySQLi\Connection.php(327): mysqli->query('SELECT `sm_sisw...', 0)
#1 D:\laragon\www\app_sekolah_muhammadiyah\vendor\codeigniter4\framework\system\Database\BaseConnection.php(738): CodeIgniter\Database\MySQLi\Connection->execute('SELECT `sm_sisw...')
#2 D:\laragon\www\app_sekolah_muhammadiyah\vendor\codeigniter4\framework\system\Database\BaseConnection.php(652): CodeIgniter\Database\BaseConnection->simpleQuery('SELECT `sm_sisw...')
#3 D:\laragon\www\app_sekolah_muhammadiyah\vendor\codeigniter4\framework\system\Database\BaseBuilder.php(1649): CodeIgniter\Database\BaseConnection->query('SELECT `sm_sisw...', Array, false)
#4 D:\laragon\www\app_sekolah_muhammadiyah\app\Models\Model_admin_siswa.php(29): CodeIgniter\Database\BaseBuilder->get()
#5 D:\laragon\www\app_sekolah_muhammadiyah\app\Controllers\Admin_siswa.php(29): App\Models\Model_admin_siswa->getSiswa()
#6 D:\laragon\www\app_sekolah_muhammadiyah\vendor\codeigniter4\framework\system\CodeIgniter.php(933): App\Controllers\Admin_siswa->index()
#7 D:\laragon\www\app_sekolah_muhammadiyah\vendor\codeigniter4\framework\system\CodeIgniter.php(507): CodeIgniter\CodeIgniter->runController(Object(App\Controllers\Admin_siswa))
#8 D:\laragon\www\app_sekolah_muhammadiyah\vendor\codeigniter4\framework\system\CodeIgniter.php(354): CodeIgniter\CodeIgniter->handleRequest(NULL, Object(Config\Cache), false)
#9 D:\laragon\www\app_sekolah_muhammadiyah\vendor\codeigniter4\framework\system\Boot.php(334): CodeIgniter\CodeIgniter->run()
#10 D:\laragon\www\app_sekolah_muhammadiyah\vendor\codeigniter4\framework\system\Boot.php(67): CodeIgniter\Boot::runCodeIgniter(Object(CodeIgniter\CodeIgniter))
#11 D:\laragon\www\app_sekolah_muhammadiyah\public\index.php(59): CodeIgniter\Boot::bootWeb(Object(Config\Paths))
#12 D:\laragon\www\app_sekolah_muhammadiyah\vendor\codeigniter4\framework\system\rewrite.php(44): require_once('D:\\laragon\\www\\...')
#13 {main}
CRITICAL - 2025-05-21 04:07:22 --> CodeIgniter\Database\Exceptions\DatabaseException: Table 'db_sds.sm_siswa' doesn't exist
[Method: GET, Route: admin_siswa]
in SYSTEMPATH\Database\BaseConnection.php on line 692.
 1 SYSTEMPATH\Database\BaseBuilder.php(1649): CodeIgniter\Database\BaseConnection->query('SELECT `sm_siswa`.*, `sm_bentuk_pendidikan`.`bentuk_pendidikan`, `sm_kelas`.`nama_kelas`, `sm_users`.*
FROM `sm_siswa`
LEFT JOIN `sm_bentuk_pendidikan` ON `sm_bentuk_pendidikan`.`id_bentuk_pendidikan` = `sm_siswa`.`bentuk_pendidikan_id`
LEFT JOIN `sm_kelas` ON `sm_kelas`.`id_kelas` = `sm_siswa`.`kelas_id`
LEFT JOIN `sm_users` ON `sm_users`.`kode_person` = `sm_siswa`.`nis`', [], false)
 2 APPPATH\Models\Model_admin_siswa.php(29): CodeIgniter\Database\BaseBuilder->get()
 3 APPPATH\Controllers\Admin_siswa.php(29): App\Models\Model_admin_siswa->getSiswa()
 4 SYSTEMPATH\CodeIgniter.php(933): App\Controllers\Admin_siswa->index()
 5 SYSTEMPATH\CodeIgniter.php(507): CodeIgniter\CodeIgniter->runController(Object(App\Controllers\Admin_siswa))
 6 SYSTEMPATH\CodeIgniter.php(354): CodeIgniter\CodeIgniter->handleRequest(null, Object(Config\Cache), false)
 7 SYSTEMPATH\Boot.php(334): CodeIgniter\CodeIgniter->run()
 8 SYSTEMPATH\Boot.php(67): CodeIgniter\Boot::runCodeIgniter(Object(CodeIgniter\CodeIgniter))
 9 FCPATH\index.php(59): CodeIgniter\Boot::bootWeb(Object(Config\Paths))
10 SYSTEMPATH\rewrite.php(44): require_once('D:\\laragon\\www\\app_sekolah_muhammadiyah\\public\\index.php')
CRITICAL - 2025-05-21 04:07:22 --> [Caused by] CodeIgniter\Database\Exceptions\DatabaseException: Table 'db_sds.sm_siswa' doesn't exist
in SYSTEMPATH\Database\MySQLi\Connection.php on line 332.
 1 SYSTEMPATH\Database\BaseConnection.php(738): CodeIgniter\Database\MySQLi\Connection->execute('SELECT `sm_siswa`.*, `sm_bentuk_pendidikan`.`bentuk_pendidikan`, `sm_kelas`.`nama_kelas`, `sm_users`.*
FROM `sm_siswa`
LEFT JOIN `sm_bentuk_pendidikan` ON `sm_bentuk_pendidikan`.`id_bentuk_pendidikan` = `sm_siswa`.`bentuk_pendidikan_id`
LEFT JOIN `sm_kelas` ON `sm_kelas`.`id_kelas` = `sm_siswa`.`kelas_id`
LEFT JOIN `sm_users` ON `sm_users`.`kode_person` = `sm_siswa`.`nis`')
 2 SYSTEMPATH\Database\BaseConnection.php(652): CodeIgniter\Database\BaseConnection->simpleQuery('SELECT `sm_siswa`.*, `sm_bentuk_pendidikan`.`bentuk_pendidikan`, `sm_kelas`.`nama_kelas`, `sm_users`.*
FROM `sm_siswa`
LEFT JOIN `sm_bentuk_pendidikan` ON `sm_bentuk_pendidikan`.`id_bentuk_pendidikan` = `sm_siswa`.`bentuk_pendidikan_id`
LEFT JOIN `sm_kelas` ON `sm_kelas`.`id_kelas` = `sm_siswa`.`kelas_id`
LEFT JOIN `sm_users` ON `sm_users`.`kode_person` = `sm_siswa`.`nis`')
 3 SYSTEMPATH\Database\BaseBuilder.php(1649): CodeIgniter\Database\BaseConnection->query('SELECT `sm_siswa`.*, `sm_bentuk_pendidikan`.`bentuk_pendidikan`, `sm_kelas`.`nama_kelas`, `sm_users`.*
FROM `sm_siswa`
LEFT JOIN `sm_bentuk_pendidikan` ON `sm_bentuk_pendidikan`.`id_bentuk_pendidikan` = `sm_siswa`.`bentuk_pendidikan_id`
LEFT JOIN `sm_kelas` ON `sm_kelas`.`id_kelas` = `sm_siswa`.`kelas_id`
LEFT JOIN `sm_users` ON `sm_users`.`kode_person` = `sm_siswa`.`nis`', [], false)
 4 APPPATH\Models\Model_admin_siswa.php(29): CodeIgniter\Database\BaseBuilder->get()
 5 APPPATH\Controllers\Admin_siswa.php(29): App\Models\Model_admin_siswa->getSiswa()
 6 SYSTEMPATH\CodeIgniter.php(933): App\Controllers\Admin_siswa->index()
 7 SYSTEMPATH\CodeIgniter.php(507): CodeIgniter\CodeIgniter->runController(Object(App\Controllers\Admin_siswa))
 8 SYSTEMPATH\CodeIgniter.php(354): CodeIgniter\CodeIgniter->handleRequest(null, Object(Config\Cache), false)
 9 SYSTEMPATH\Boot.php(334): CodeIgniter\CodeIgniter->run()
10 SYSTEMPATH\Boot.php(67): CodeIgniter\Boot::runCodeIgniter(Object(CodeIgniter\CodeIgniter))
11 FCPATH\index.php(59): CodeIgniter\Boot::bootWeb(Object(Config\Paths))
12 SYSTEMPATH\rewrite.php(44): require_once('D:\\laragon\\www\\app_sekolah_muhammadiyah\\public\\index.php')
CRITICAL - 2025-05-21 04:07:22 --> [Caused by] mysqli_sql_exception: Table 'db_sds.sm_siswa' doesn't exist
in SYSTEMPATH\Database\MySQLi\Connection.php on line 327.
 1 SYSTEMPATH\Database\MySQLi\Connection.php(327): mysqli->query('SELECT `sm_siswa`.*, `sm_bentuk_pendidikan`.`bentuk_pendidikan`, `sm_kelas`.`nama_kelas`, `sm_users`.*
FROM `sm_siswa`
LEFT JOIN `sm_bentuk_pendidikan` ON `sm_bentuk_pendidikan`.`id_bentuk_pendidikan` = `sm_siswa`.`bentuk_pendidikan_id`
LEFT JOIN `sm_kelas` ON `sm_kelas`.`id_kelas` = `sm_siswa`.`kelas_id`
LEFT JOIN `sm_users` ON `sm_users`.`kode_person` = `sm_siswa`.`nis`', 0)
 2 SYSTEMPATH\Database\BaseConnection.php(738): CodeIgniter\Database\MySQLi\Connection->execute('SELECT `sm_siswa`.*, `sm_bentuk_pendidikan`.`bentuk_pendidikan`, `sm_kelas`.`nama_kelas`, `sm_users`.*
FROM `sm_siswa`
LEFT JOIN `sm_bentuk_pendidikan` ON `sm_bentuk_pendidikan`.`id_bentuk_pendidikan` = `sm_siswa`.`bentuk_pendidikan_id`
LEFT JOIN `sm_kelas` ON `sm_kelas`.`id_kelas` = `sm_siswa`.`kelas_id`
LEFT JOIN `sm_users` ON `sm_users`.`kode_person` = `sm_siswa`.`nis`')
 3 SYSTEMPATH\Database\BaseConnection.php(652): CodeIgniter\Database\BaseConnection->simpleQuery('SELECT `sm_siswa`.*, `sm_bentuk_pendidikan`.`bentuk_pendidikan`, `sm_kelas`.`nama_kelas`, `sm_users`.*
FROM `sm_siswa`
LEFT JOIN `sm_bentuk_pendidikan` ON `sm_bentuk_pendidikan`.`id_bentuk_pendidikan` = `sm_siswa`.`bentuk_pendidikan_id`
LEFT JOIN `sm_kelas` ON `sm_kelas`.`id_kelas` = `sm_siswa`.`kelas_id`
LEFT JOIN `sm_users` ON `sm_users`.`kode_person` = `sm_siswa`.`nis`')
 4 SYSTEMPATH\Database\BaseBuilder.php(1649): CodeIgniter\Database\BaseConnection->query('SELECT `sm_siswa`.*, `sm_bentuk_pendidikan`.`bentuk_pendidikan`, `sm_kelas`.`nama_kelas`, `sm_users`.*
FROM `sm_siswa`
LEFT JOIN `sm_bentuk_pendidikan` ON `sm_bentuk_pendidikan`.`id_bentuk_pendidikan` = `sm_siswa`.`bentuk_pendidikan_id`
LEFT JOIN `sm_kelas` ON `sm_kelas`.`id_kelas` = `sm_siswa`.`kelas_id`
LEFT JOIN `sm_users` ON `sm_users`.`kode_person` = `sm_siswa`.`nis`', [], false)
 5 APPPATH\Models\Model_admin_siswa.php(29): CodeIgniter\Database\BaseBuilder->get()
 6 APPPATH\Controllers\Admin_siswa.php(29): App\Models\Model_admin_siswa->getSiswa()
 7 SYSTEMPATH\CodeIgniter.php(933): App\Controllers\Admin_siswa->index()
 8 SYSTEMPATH\CodeIgniter.php(507): CodeIgniter\CodeIgniter->runController(Object(App\Controllers\Admin_siswa))
 9 SYSTEMPATH\CodeIgniter.php(354): CodeIgniter\CodeIgniter->handleRequest(null, Object(Config\Cache), false)
10 SYSTEMPATH\Boot.php(334): CodeIgniter\CodeIgniter->run()
11 SYSTEMPATH\Boot.php(67): CodeIgniter\Boot::runCodeIgniter(Object(CodeIgniter\CodeIgniter))
12 FCPATH\index.php(59): CodeIgniter\Boot::bootWeb(Object(Config\Paths))
13 SYSTEMPATH\rewrite.php(44): require_once('D:\\laragon\\www\\app_sekolah_muhammadiyah\\public\\index.php')
DEBUG - 2025-05-21 04:07:23 --> Session: Class initialized using 'CodeIgniter\Session\Handlers\FileHandler' driver.
DEBUG - 2025-05-21 04:07:24 --> Session: Class initialized using 'CodeIgniter\Session\Handlers\FileHandler' driver.
DEBUG - 2025-05-21 04:07:27 --> Session: Class initialized using 'CodeIgniter\Session\Handlers\FileHandler' driver.
DEBUG - 2025-05-21 04:10:06 --> Session: Class initialized using 'CodeIgniter\Session\Handlers\FileHandler' driver.
DEBUG - 2025-05-21 04:22:11 --> Session: Class initialized using 'CodeIgniter\Session\Handlers\FileHandler' driver.
DEBUG - 2025-05-21 04:22:58 --> Session: Class initialized using 'CodeIgniter\Session\Handlers\FileHandler' driver.
DEBUG - 2025-05-21 04:28:51 --> Session: Class initialized using 'CodeIgniter\Session\Handlers\FileHandler' driver.
DEBUG - 2025-05-21 04:35:34 --> Session: Class initialized using 'CodeIgniter\Session\Handlers\FileHandler' driver.
DEBUG - 2025-05-21 04:35:37 --> Session: Class initialized using 'CodeIgniter\Session\Handlers\FileHandler' driver.
ERROR - 2025-05-21 04:35:37 --> mysqli_sql_exception: Table 'db_sds.sm_siswa' doesn't exist in D:\laragon\www\app_sekolah_muhammadiyah\vendor\codeigniter4\framework\system\Database\MySQLi\Connection.php:327
Stack trace:
#0 D:\laragon\www\app_sekolah_muhammadiyah\vendor\codeigniter4\framework\system\Database\MySQLi\Connection.php(327): mysqli->query('SELECT `sm_sisw...', 0)
#1 D:\laragon\www\app_sekolah_muhammadiyah\vendor\codeigniter4\framework\system\Database\BaseConnection.php(738): CodeIgniter\Database\MySQLi\Connection->execute('SELECT `sm_sisw...')
#2 D:\laragon\www\app_sekolah_muhammadiyah\vendor\codeigniter4\framework\system\Database\BaseConnection.php(652): CodeIgniter\Database\BaseConnection->simpleQuery('SELECT `sm_sisw...')
#3 D:\laragon\www\app_sekolah_muhammadiyah\vendor\codeigniter4\framework\system\Database\BaseBuilder.php(1649): CodeIgniter\Database\BaseConnection->query('SELECT `sm_sisw...', Array, false)
#4 D:\laragon\www\app_sekolah_muhammadiyah\app\Models\Model_admin_siswa.php(29): CodeIgniter\Database\BaseBuilder->get()
#5 D:\laragon\www\app_sekolah_muhammadiyah\app\Controllers\Admin_siswa.php(29): App\Models\Model_admin_siswa->getSiswa()
#6 D:\laragon\www\app_sekolah_muhammadiyah\vendor\codeigniter4\framework\system\CodeIgniter.php(933): App\Controllers\Admin_siswa->index()
#7 D:\laragon\www\app_sekolah_muhammadiyah\vendor\codeigniter4\framework\system\CodeIgniter.php(507): CodeIgniter\CodeIgniter->runController(Object(App\Controllers\Admin_siswa))
#8 D:\laragon\www\app_sekolah_muhammadiyah\vendor\codeigniter4\framework\system\CodeIgniter.php(354): CodeIgniter\CodeIgniter->handleRequest(NULL, Object(Config\Cache), false)
#9 D:\laragon\www\app_sekolah_muhammadiyah\vendor\codeigniter4\framework\system\Boot.php(334): CodeIgniter\CodeIgniter->run()
#10 D:\laragon\www\app_sekolah_muhammadiyah\vendor\codeigniter4\framework\system\Boot.php(67): CodeIgniter\Boot::runCodeIgniter(Object(CodeIgniter\CodeIgniter))
#11 D:\laragon\www\app_sekolah_muhammadiyah\public\index.php(59): CodeIgniter\Boot::bootWeb(Object(Config\Paths))
#12 D:\laragon\www\app_sekolah_muhammadiyah\vendor\codeigniter4\framework\system\rewrite.php(44): require_once('D:\\laragon\\www\\...')
#13 {main}
CRITICAL - 2025-05-21 04:35:37 --> CodeIgniter\Database\Exceptions\DatabaseException: Table 'db_sds.sm_siswa' doesn't exist
[Method: GET, Route: admin_siswa]
in SYSTEMPATH\Database\BaseConnection.php on line 692.
 1 SYSTEMPATH\Database\BaseBuilder.php(1649): CodeIgniter\Database\BaseConnection->query('SELECT `sm_siswa`.*, `sm_bentuk_pendidikan`.`bentuk_pendidikan`, `sm_kelas`.`nama_kelas`, `sm_users`.*
FROM `sm_siswa`
LEFT JOIN `sm_bentuk_pendidikan` ON `sm_bentuk_pendidikan`.`id_bentuk_pendidikan` = `sm_siswa`.`bentuk_pendidikan_id`
LEFT JOIN `sm_kelas` ON `sm_kelas`.`id_kelas` = `sm_siswa`.`kelas_id`
LEFT JOIN `sm_users` ON `sm_users`.`kode_person` = `sm_siswa`.`nis`', [], false)
 2 APPPATH\Models\Model_admin_siswa.php(29): CodeIgniter\Database\BaseBuilder->get()
 3 APPPATH\Controllers\Admin_siswa.php(29): App\Models\Model_admin_siswa->getSiswa()
 4 SYSTEMPATH\CodeIgniter.php(933): App\Controllers\Admin_siswa->index()
 5 SYSTEMPATH\CodeIgniter.php(507): CodeIgniter\CodeIgniter->runController(Object(App\Controllers\Admin_siswa))
 6 SYSTEMPATH\CodeIgniter.php(354): CodeIgniter\CodeIgniter->handleRequest(null, Object(Config\Cache), false)
 7 SYSTEMPATH\Boot.php(334): CodeIgniter\CodeIgniter->run()
 8 SYSTEMPATH\Boot.php(67): CodeIgniter\Boot::runCodeIgniter(Object(CodeIgniter\CodeIgniter))
 9 FCPATH\index.php(59): CodeIgniter\Boot::bootWeb(Object(Config\Paths))
10 SYSTEMPATH\rewrite.php(44): require_once('D:\\laragon\\www\\app_sekolah_muhammadiyah\\public\\index.php')
CRITICAL - 2025-05-21 04:35:37 --> [Caused by] CodeIgniter\Database\Exceptions\DatabaseException: Table 'db_sds.sm_siswa' doesn't exist
in SYSTEMPATH\Database\MySQLi\Connection.php on line 332.
 1 SYSTEMPATH\Database\BaseConnection.php(738): CodeIgniter\Database\MySQLi\Connection->execute('SELECT `sm_siswa`.*, `sm_bentuk_pendidikan`.`bentuk_pendidikan`, `sm_kelas`.`nama_kelas`, `sm_users`.*
FROM `sm_siswa`
LEFT JOIN `sm_bentuk_pendidikan` ON `sm_bentuk_pendidikan`.`id_bentuk_pendidikan` = `sm_siswa`.`bentuk_pendidikan_id`
LEFT JOIN `sm_kelas` ON `sm_kelas`.`id_kelas` = `sm_siswa`.`kelas_id`
LEFT JOIN `sm_users` ON `sm_users`.`kode_person` = `sm_siswa`.`nis`')
 2 SYSTEMPATH\Database\BaseConnection.php(652): CodeIgniter\Database\BaseConnection->simpleQuery('SELECT `sm_siswa`.*, `sm_bentuk_pendidikan`.`bentuk_pendidikan`, `sm_kelas`.`nama_kelas`, `sm_users`.*
FROM `sm_siswa`
LEFT JOIN `sm_bentuk_pendidikan` ON `sm_bentuk_pendidikan`.`id_bentuk_pendidikan` = `sm_siswa`.`bentuk_pendidikan_id`
LEFT JOIN `sm_kelas` ON `sm_kelas`.`id_kelas` = `sm_siswa`.`kelas_id`
LEFT JOIN `sm_users` ON `sm_users`.`kode_person` = `sm_siswa`.`nis`')
 3 SYSTEMPATH\Database\BaseBuilder.php(1649): CodeIgniter\Database\BaseConnection->query('SELECT `sm_siswa`.*, `sm_bentuk_pendidikan`.`bentuk_pendidikan`, `sm_kelas`.`nama_kelas`, `sm_users`.*
FROM `sm_siswa`
LEFT JOIN `sm_bentuk_pendidikan` ON `sm_bentuk_pendidikan`.`id_bentuk_pendidikan` = `sm_siswa`.`bentuk_pendidikan_id`
LEFT JOIN `sm_kelas` ON `sm_kelas`.`id_kelas` = `sm_siswa`.`kelas_id`
LEFT JOIN `sm_users` ON `sm_users`.`kode_person` = `sm_siswa`.`nis`', [], false)
 4 APPPATH\Models\Model_admin_siswa.php(29): CodeIgniter\Database\BaseBuilder->get()
 5 APPPATH\Controllers\Admin_siswa.php(29): App\Models\Model_admin_siswa->getSiswa()
 6 SYSTEMPATH\CodeIgniter.php(933): App\Controllers\Admin_siswa->index()
 7 SYSTEMPATH\CodeIgniter.php(507): CodeIgniter\CodeIgniter->runController(Object(App\Controllers\Admin_siswa))
 8 SYSTEMPATH\CodeIgniter.php(354): CodeIgniter\CodeIgniter->handleRequest(null, Object(Config\Cache), false)
 9 SYSTEMPATH\Boot.php(334): CodeIgniter\CodeIgniter->run()
10 SYSTEMPATH\Boot.php(67): CodeIgniter\Boot::runCodeIgniter(Object(CodeIgniter\CodeIgniter))
11 FCPATH\index.php(59): CodeIgniter\Boot::bootWeb(Object(Config\Paths))
12 SYSTEMPATH\rewrite.php(44): require_once('D:\\laragon\\www\\app_sekolah_muhammadiyah\\public\\index.php')
CRITICAL - 2025-05-21 04:35:37 --> [Caused by] mysqli_sql_exception: Table 'db_sds.sm_siswa' doesn't exist
in SYSTEMPATH\Database\MySQLi\Connection.php on line 327.
 1 SYSTEMPATH\Database\MySQLi\Connection.php(327): mysqli->query('SELECT `sm_siswa`.*, `sm_bentuk_pendidikan`.`bentuk_pendidikan`, `sm_kelas`.`nama_kelas`, `sm_users`.*
FROM `sm_siswa`
LEFT JOIN `sm_bentuk_pendidikan` ON `sm_bentuk_pendidikan`.`id_bentuk_pendidikan` = `sm_siswa`.`bentuk_pendidikan_id`
LEFT JOIN `sm_kelas` ON `sm_kelas`.`id_kelas` = `sm_siswa`.`kelas_id`
LEFT JOIN `sm_users` ON `sm_users`.`kode_person` = `sm_siswa`.`nis`', 0)
 2 SYSTEMPATH\Database\BaseConnection.php(738): CodeIgniter\Database\MySQLi\Connection->execute('SELECT `sm_siswa`.*, `sm_bentuk_pendidikan`.`bentuk_pendidikan`, `sm_kelas`.`nama_kelas`, `sm_users`.*
FROM `sm_siswa`
LEFT JOIN `sm_bentuk_pendidikan` ON `sm_bentuk_pendidikan`.`id_bentuk_pendidikan` = `sm_siswa`.`bentuk_pendidikan_id`
LEFT JOIN `sm_kelas` ON `sm_kelas`.`id_kelas` = `sm_siswa`.`kelas_id`
LEFT JOIN `sm_users` ON `sm_users`.`kode_person` = `sm_siswa`.`nis`')
 3 SYSTEMPATH\Database\BaseConnection.php(652): CodeIgniter\Database\BaseConnection->simpleQuery('SELECT `sm_siswa`.*, `sm_bentuk_pendidikan`.`bentuk_pendidikan`, `sm_kelas`.`nama_kelas`, `sm_users`.*
FROM `sm_siswa`
LEFT JOIN `sm_bentuk_pendidikan` ON `sm_bentuk_pendidikan`.`id_bentuk_pendidikan` = `sm_siswa`.`bentuk_pendidikan_id`
LEFT JOIN `sm_kelas` ON `sm_kelas`.`id_kelas` = `sm_siswa`.`kelas_id`
LEFT JOIN `sm_users` ON `sm_users`.`kode_person` = `sm_siswa`.`nis`')
 4 SYSTEMPATH\Database\BaseBuilder.php(1649): CodeIgniter\Database\BaseConnection->query('SELECT `sm_siswa`.*, `sm_bentuk_pendidikan`.`bentuk_pendidikan`, `sm_kelas`.`nama_kelas`, `sm_users`.*
FROM `sm_siswa`
LEFT JOIN `sm_bentuk_pendidikan` ON `sm_bentuk_pendidikan`.`id_bentuk_pendidikan` = `sm_siswa`.`bentuk_pendidikan_id`
LEFT JOIN `sm_kelas` ON `sm_kelas`.`id_kelas` = `sm_siswa`.`kelas_id`
LEFT JOIN `sm_users` ON `sm_users`.`kode_person` = `sm_siswa`.`nis`', [], false)
 5 APPPATH\Models\Model_admin_siswa.php(29): CodeIgniter\Database\BaseBuilder->get()
 6 APPPATH\Controllers\Admin_siswa.php(29): App\Models\Model_admin_siswa->getSiswa()
 7 SYSTEMPATH\CodeIgniter.php(933): App\Controllers\Admin_siswa->index()
 8 SYSTEMPATH\CodeIgniter.php(507): CodeIgniter\CodeIgniter->runController(Object(App\Controllers\Admin_siswa))
 9 SYSTEMPATH\CodeIgniter.php(354): CodeIgniter\CodeIgniter->handleRequest(null, Object(Config\Cache), false)
10 SYSTEMPATH\Boot.php(334): CodeIgniter\CodeIgniter->run()
11 SYSTEMPATH\Boot.php(67): CodeIgniter\Boot::runCodeIgniter(Object(CodeIgniter\CodeIgniter))
12 FCPATH\index.php(59): CodeIgniter\Boot::bootWeb(Object(Config\Paths))
13 SYSTEMPATH\rewrite.php(44): require_once('D:\\laragon\\www\\app_sekolah_muhammadiyah\\public\\index.php')
DEBUG - 2025-05-21 04:35:38 --> Session: Class initialized using 'CodeIgniter\Session\Handlers\FileHandler' driver.
DEBUG - 2025-05-21 04:35:39 --> Session: Class initialized using 'CodeIgniter\Session\Handlers\FileHandler' driver.
DEBUG - 2025-05-21 04:38:04 --> Session: Class initialized using 'CodeIgniter\Session\Handlers\FileHandler' driver.
DEBUG - 2025-05-21 04:38:05 --> Session: Class initialized using 'CodeIgniter\Session\Handlers\FileHandler' driver.
DEBUG - 2025-05-21 04:38:07 --> Session: Class initialized using 'CodeIgniter\Session\Handlers\FileHandler' driver.
DEBUG - 2025-05-21 04:38:14 --> Session: Class initialized using 'CodeIgniter\Session\Handlers\FileHandler' driver.
DEBUG - 2025-05-21 04:38:15 --> Session: Class initialized using 'CodeIgniter\Session\Handlers\FileHandler' driver.
DEBUG - 2025-05-21 04:38:16 --> Session: Class initialized using 'CodeIgniter\Session\Handlers\FileHandler' driver.
DEBUG - 2025-05-21 04:39:30 --> Session: Class initialized using 'CodeIgniter\Session\Handlers\FileHandler' driver.
DEBUG - 2025-05-21 04:39:32 --> Session: Class initialized using 'CodeIgniter\Session\Handlers\FileHandler' driver.
DEBUG - 2025-05-21 04:40:32 --> Session: Class initialized using 'CodeIgniter\Session\Handlers\FileHandler' driver.
DEBUG - 2025-05-21 04:40:33 --> Session: Class initialized using 'CodeIgniter\Session\Handlers\FileHandler' driver.
DEBUG - 2025-05-21 04:40:41 --> Session: Class initialized using 'CodeIgniter\Session\Handlers\FileHandler' driver.
DEBUG - 2025-05-21 04:46:20 --> Session: Class initialized using 'CodeIgniter\Session\Handlers\FileHandler' driver.
DEBUG - 2025-05-21 04:46:26 --> Session: Class initialized using 'CodeIgniter\Session\Handlers\FileHandler' driver.
DEBUG - 2025-05-21 04:47:38 --> Session: Class initialized using 'CodeIgniter\Session\Handlers\FileHandler' driver.
DEBUG - 2025-05-21 04:49:31 --> Session: Class initialized using 'CodeIgniter\Session\Handlers\FileHandler' driver.
DEBUG - 2025-05-21 04:49:33 --> Session: Class initialized using 'CodeIgniter\Session\Handlers\FileHandler' driver.
DEBUG - 2025-05-21 04:50:27 --> Session: Class initialized using 'CodeIgniter\Session\Handlers\FileHandler' driver.
DEBUG - 2025-05-21 04:51:15 --> Session: Class initialized using 'CodeIgniter\Session\Handlers\FileHandler' driver.
DEBUG - 2025-05-21 04:51:17 --> Session: Class initialized using 'CodeIgniter\Session\Handlers\FileHandler' driver.
DEBUG - 2025-05-21 04:51:43 --> Session: Class initialized using 'CodeIgniter\Session\Handlers\FileHandler' driver.
CRITICAL - 2025-05-21 04:51:43 --> ErrorException: Undefined variable $bentuk_pendidikan
[Method: GET, Route: admin_jabatan]
in APPPATH\Views\admin\kepegawaian\jabatan\v_jabatan.php on line 147.
 1 APPPATH\Views\admin\kepegawaian\jabatan\v_jabatan.php(147): CodeIgniter\Debug\Exceptions->errorHandler(2, 'Undefined variable $bentuk_pendidikan', 'D:\\laragon\\www\\app_sekolah_muhammadiyah\\app\\Views\\admin\\kepegawaian\\jabatan\\v_jabatan.php', 147)
 2 SYSTEMPATH\View\View.php(224): include('D:\\laragon\\www\\app_sekolah_muhammadiyah\\app\\Views\\admin\\kepegawaian\\jabatan\\v_jabatan.php')
 3 SYSTEMPATH\View\View.php(227): CodeIgniter\View\View->CodeIgniter\View\{closure}()
 4 SYSTEMPATH\Common.php(1173): CodeIgniter\View\View->render('admin/kepegawaian/jabatan/v_jabatan', [], true)
 5 APPPATH\Controllers\Admin_jabatan.php(25): view('admin/kepegawaian/jabatan/v_jabatan', [...])
 6 SYSTEMPATH\CodeIgniter.php(933): App\Controllers\Admin_jabatan->index()
 7 SYSTEMPATH\CodeIgniter.php(507): CodeIgniter\CodeIgniter->runController(Object(App\Controllers\Admin_jabatan))
 8 SYSTEMPATH\CodeIgniter.php(354): CodeIgniter\CodeIgniter->handleRequest(null, Object(Config\Cache), false)
 9 SYSTEMPATH\Boot.php(334): CodeIgniter\CodeIgniter->run()
10 SYSTEMPATH\Boot.php(67): CodeIgniter\Boot::runCodeIgniter(Object(CodeIgniter\CodeIgniter))
11 FCPATH\index.php(59): CodeIgniter\Boot::bootWeb(Object(Config\Paths))
12 SYSTEMPATH\rewrite.php(44): require_once('D:\\laragon\\www\\app_sekolah_muhammadiyah\\public\\index.php')
DEBUG - 2025-05-21 04:53:28 --> Session: Class initialized using 'CodeIgniter\Session\Handlers\FileHandler' driver.
CRITICAL - 2025-05-21 04:53:28 --> ParseError: syntax error, unexpected single-quoted string "v", expecting "]"
[Method: GET, Route: admin_jabatan]
in APPPATH\Controllers\Admin_jabatan.php on line 26.
 1 VENDORPATH\composer\ClassLoader.php(427): Composer\Autoload\{closure}('D:\\laragon\\www\\app_sekolah_muhammadiyah\\vendor\\composer/../../app/Controllers/Admin_jabatan.php')
 2 [internal function]: Composer\Autoload\ClassLoader->loadClass('App\\Controllers\\Admin_jabatan')
 3 SYSTEMPATH\CodeIgniter.php(885): class_exists('\\App\\Controllers\\Admin_jabatan', true)
 4 SYSTEMPATH\CodeIgniter.php(494): CodeIgniter\CodeIgniter->startController()
 5 SYSTEMPATH\CodeIgniter.php(354): CodeIgniter\CodeIgniter->handleRequest(null, Object(Config\Cache), false)
 6 SYSTEMPATH\Boot.php(334): CodeIgniter\CodeIgniter->run()
 7 SYSTEMPATH\Boot.php(67): CodeIgniter\Boot::runCodeIgniter(Object(CodeIgniter\CodeIgniter))
 8 FCPATH\index.php(59): CodeIgniter\Boot::bootWeb(Object(Config\Paths))
 9 SYSTEMPATH\rewrite.php(44): require_once('D:\\laragon\\www\\app_sekolah_muhammadiyah\\public\\index.php')
DEBUG - 2025-05-21 04:53:38 --> Session: Class initialized using 'CodeIgniter\Session\Handlers\FileHandler' driver.
DEBUG - 2025-05-21 06:02:27 --> Session: Class initialized using 'CodeIgniter\Session\Handlers\FileHandler' driver.
DEBUG - 2025-05-21 06:03:28 --> Session: Class initialized using 'CodeIgniter\Session\Handlers\FileHandler' driver.
DEBUG - 2025-05-21 06:03:31 --> Session: Class initialized using 'CodeIgniter\Session\Handlers\FileHandler' driver.
ERROR - 2025-05-21 06:03:31 --> mysqli_sql_exception: Table 'db_sds.sm_siswa' doesn't exist in D:\laragon\www\app_sekolah_muhammadiyah\vendor\codeigniter4\framework\system\Database\MySQLi\Connection.php:327
Stack trace:
#0 D:\laragon\www\app_sekolah_muhammadiyah\vendor\codeigniter4\framework\system\Database\MySQLi\Connection.php(327): mysqli->query('SELECT `sm_sisw...', 0)
#1 D:\laragon\www\app_sekolah_muhammadiyah\vendor\codeigniter4\framework\system\Database\BaseConnection.php(738): CodeIgniter\Database\MySQLi\Connection->execute('SELECT `sm_sisw...')
#2 D:\laragon\www\app_sekolah_muhammadiyah\vendor\codeigniter4\framework\system\Database\BaseConnection.php(652): CodeIgniter\Database\BaseConnection->simpleQuery('SELECT `sm_sisw...')
#3 D:\laragon\www\app_sekolah_muhammadiyah\vendor\codeigniter4\framework\system\Database\BaseBuilder.php(1649): CodeIgniter\Database\BaseConnection->query('SELECT `sm_sisw...', Array, false)
#4 D:\laragon\www\app_sekolah_muhammadiyah\app\Models\Model_admin_siswa.php(29): CodeIgniter\Database\BaseBuilder->get()
#5 D:\laragon\www\app_sekolah_muhammadiyah\app\Controllers\Admin_siswa.php(29): App\Models\Model_admin_siswa->getSiswa()
#6 D:\laragon\www\app_sekolah_muhammadiyah\vendor\codeigniter4\framework\system\CodeIgniter.php(933): App\Controllers\Admin_siswa->index()
#7 D:\laragon\www\app_sekolah_muhammadiyah\vendor\codeigniter4\framework\system\CodeIgniter.php(507): CodeIgniter\CodeIgniter->runController(Object(App\Controllers\Admin_siswa))
#8 D:\laragon\www\app_sekolah_muhammadiyah\vendor\codeigniter4\framework\system\CodeIgniter.php(354): CodeIgniter\CodeIgniter->handleRequest(NULL, Object(Config\Cache), false)
#9 D:\laragon\www\app_sekolah_muhammadiyah\vendor\codeigniter4\framework\system\Boot.php(334): CodeIgniter\CodeIgniter->run()
#10 D:\laragon\www\app_sekolah_muhammadiyah\vendor\codeigniter4\framework\system\Boot.php(67): CodeIgniter\Boot::runCodeIgniter(Object(CodeIgniter\CodeIgniter))
#11 D:\laragon\www\app_sekolah_muhammadiyah\public\index.php(59): CodeIgniter\Boot::bootWeb(Object(Config\Paths))
#12 D:\laragon\www\app_sekolah_muhammadiyah\vendor\codeigniter4\framework\system\rewrite.php(44): require_once('D:\\laragon\\www\\...')
#13 {main}
CRITICAL - 2025-05-21 06:03:31 --> CodeIgniter\Database\Exceptions\DatabaseException: Table 'db_sds.sm_siswa' doesn't exist
[Method: GET, Route: admin_siswa]
in SYSTEMPATH\Database\BaseConnection.php on line 692.
 1 SYSTEMPATH\Database\BaseBuilder.php(1649): CodeIgniter\Database\BaseConnection->query('SELECT `sm_siswa`.*, `sm_bentuk_pendidikan`.`bentuk_pendidikan`, `sm_kelas`.`nama_kelas`, `sm_users`.*
FROM `sm_siswa`
LEFT JOIN `sm_bentuk_pendidikan` ON `sm_bentuk_pendidikan`.`id_bentuk_pendidikan` = `sm_siswa`.`bentuk_pendidikan_id`
LEFT JOIN `sm_kelas` ON `sm_kelas`.`id_kelas` = `sm_siswa`.`kelas_id`
LEFT JOIN `sm_users` ON `sm_users`.`kode_person` = `sm_siswa`.`nis`', [], false)
 2 APPPATH\Models\Model_admin_siswa.php(29): CodeIgniter\Database\BaseBuilder->get()
 3 APPPATH\Controllers\Admin_siswa.php(29): App\Models\Model_admin_siswa->getSiswa()
 4 SYSTEMPATH\CodeIgniter.php(933): App\Controllers\Admin_siswa->index()
 5 SYSTEMPATH\CodeIgniter.php(507): CodeIgniter\CodeIgniter->runController(Object(App\Controllers\Admin_siswa))
 6 SYSTEMPATH\CodeIgniter.php(354): CodeIgniter\CodeIgniter->handleRequest(null, Object(Config\Cache), false)
 7 SYSTEMPATH\Boot.php(334): CodeIgniter\CodeIgniter->run()
 8 SYSTEMPATH\Boot.php(67): CodeIgniter\Boot::runCodeIgniter(Object(CodeIgniter\CodeIgniter))
 9 FCPATH\index.php(59): CodeIgniter\Boot::bootWeb(Object(Config\Paths))
10 SYSTEMPATH\rewrite.php(44): require_once('D:\\laragon\\www\\app_sekolah_muhammadiyah\\public\\index.php')
CRITICAL - 2025-05-21 06:03:31 --> [Caused by] CodeIgniter\Database\Exceptions\DatabaseException: Table 'db_sds.sm_siswa' doesn't exist
in SYSTEMPATH\Database\MySQLi\Connection.php on line 332.
 1 SYSTEMPATH\Database\BaseConnection.php(738): CodeIgniter\Database\MySQLi\Connection->execute('SELECT `sm_siswa`.*, `sm_bentuk_pendidikan`.`bentuk_pendidikan`, `sm_kelas`.`nama_kelas`, `sm_users`.*
FROM `sm_siswa`
LEFT JOIN `sm_bentuk_pendidikan` ON `sm_bentuk_pendidikan`.`id_bentuk_pendidikan` = `sm_siswa`.`bentuk_pendidikan_id`
LEFT JOIN `sm_kelas` ON `sm_kelas`.`id_kelas` = `sm_siswa`.`kelas_id`
LEFT JOIN `sm_users` ON `sm_users`.`kode_person` = `sm_siswa`.`nis`')
 2 SYSTEMPATH\Database\BaseConnection.php(652): CodeIgniter\Database\BaseConnection->simpleQuery('SELECT `sm_siswa`.*, `sm_bentuk_pendidikan`.`bentuk_pendidikan`, `sm_kelas`.`nama_kelas`, `sm_users`.*
FROM `sm_siswa`
LEFT JOIN `sm_bentuk_pendidikan` ON `sm_bentuk_pendidikan`.`id_bentuk_pendidikan` = `sm_siswa`.`bentuk_pendidikan_id`
LEFT JOIN `sm_kelas` ON `sm_kelas`.`id_kelas` = `sm_siswa`.`kelas_id`
LEFT JOIN `sm_users` ON `sm_users`.`kode_person` = `sm_siswa`.`nis`')
 3 SYSTEMPATH\Database\BaseBuilder.php(1649): CodeIgniter\Database\BaseConnection->query('SELECT `sm_siswa`.*, `sm_bentuk_pendidikan`.`bentuk_pendidikan`, `sm_kelas`.`nama_kelas`, `sm_users`.*
FROM `sm_siswa`
LEFT JOIN `sm_bentuk_pendidikan` ON `sm_bentuk_pendidikan`.`id_bentuk_pendidikan` = `sm_siswa`.`bentuk_pendidikan_id`
LEFT JOIN `sm_kelas` ON `sm_kelas`.`id_kelas` = `sm_siswa`.`kelas_id`
LEFT JOIN `sm_users` ON `sm_users`.`kode_person` = `sm_siswa`.`nis`', [], false)
 4 APPPATH\Models\Model_admin_siswa.php(29): CodeIgniter\Database\BaseBuilder->get()
 5 APPPATH\Controllers\Admin_siswa.php(29): App\Models\Model_admin_siswa->getSiswa()
 6 SYSTEMPATH\CodeIgniter.php(933): App\Controllers\Admin_siswa->index()
 7 SYSTEMPATH\CodeIgniter.php(507): CodeIgniter\CodeIgniter->runController(Object(App\Controllers\Admin_siswa))
 8 SYSTEMPATH\CodeIgniter.php(354): CodeIgniter\CodeIgniter->handleRequest(null, Object(Config\Cache), false)
 9 SYSTEMPATH\Boot.php(334): CodeIgniter\CodeIgniter->run()
10 SYSTEMPATH\Boot.php(67): CodeIgniter\Boot::runCodeIgniter(Object(CodeIgniter\CodeIgniter))
11 FCPATH\index.php(59): CodeIgniter\Boot::bootWeb(Object(Config\Paths))
12 SYSTEMPATH\rewrite.php(44): require_once('D:\\laragon\\www\\app_sekolah_muhammadiyah\\public\\index.php')
CRITICAL - 2025-05-21 06:03:31 --> [Caused by] mysqli_sql_exception: Table 'db_sds.sm_siswa' doesn't exist
in SYSTEMPATH\Database\MySQLi\Connection.php on line 327.
 1 SYSTEMPATH\Database\MySQLi\Connection.php(327): mysqli->query('SELECT `sm_siswa`.*, `sm_bentuk_pendidikan`.`bentuk_pendidikan`, `sm_kelas`.`nama_kelas`, `sm_users`.*
FROM `sm_siswa`
LEFT JOIN `sm_bentuk_pendidikan` ON `sm_bentuk_pendidikan`.`id_bentuk_pendidikan` = `sm_siswa`.`bentuk_pendidikan_id`
LEFT JOIN `sm_kelas` ON `sm_kelas`.`id_kelas` = `sm_siswa`.`kelas_id`
LEFT JOIN `sm_users` ON `sm_users`.`kode_person` = `sm_siswa`.`nis`', 0)
 2 SYSTEMPATH\Database\BaseConnection.php(738): CodeIgniter\Database\MySQLi\Connection->execute('SELECT `sm_siswa`.*, `sm_bentuk_pendidikan`.`bentuk_pendidikan`, `sm_kelas`.`nama_kelas`, `sm_users`.*
FROM `sm_siswa`
LEFT JOIN `sm_bentuk_pendidikan` ON `sm_bentuk_pendidikan`.`id_bentuk_pendidikan` = `sm_siswa`.`bentuk_pendidikan_id`
LEFT JOIN `sm_kelas` ON `sm_kelas`.`id_kelas` = `sm_siswa`.`kelas_id`
LEFT JOIN `sm_users` ON `sm_users`.`kode_person` = `sm_siswa`.`nis`')
 3 SYSTEMPATH\Database\BaseConnection.php(652): CodeIgniter\Database\BaseConnection->simpleQuery('SELECT `sm_siswa`.*, `sm_bentuk_pendidikan`.`bentuk_pendidikan`, `sm_kelas`.`nama_kelas`, `sm_users`.*
FROM `sm_siswa`
LEFT JOIN `sm_bentuk_pendidikan` ON `sm_bentuk_pendidikan`.`id_bentuk_pendidikan` = `sm_siswa`.`bentuk_pendidikan_id`
LEFT JOIN `sm_kelas` ON `sm_kelas`.`id_kelas` = `sm_siswa`.`kelas_id`
LEFT JOIN `sm_users` ON `sm_users`.`kode_person` = `sm_siswa`.`nis`')
 4 SYSTEMPATH\Database\BaseBuilder.php(1649): CodeIgniter\Database\BaseConnection->query('SELECT `sm_siswa`.*, `sm_bentuk_pendidikan`.`bentuk_pendidikan`, `sm_kelas`.`nama_kelas`, `sm_users`.*
FROM `sm_siswa`
LEFT JOIN `sm_bentuk_pendidikan` ON `sm_bentuk_pendidikan`.`id_bentuk_pendidikan` = `sm_siswa`.`bentuk_pendidikan_id`
LEFT JOIN `sm_kelas` ON `sm_kelas`.`id_kelas` = `sm_siswa`.`kelas_id`
LEFT JOIN `sm_users` ON `sm_users`.`kode_person` = `sm_siswa`.`nis`', [], false)
 5 APPPATH\Models\Model_admin_siswa.php(29): CodeIgniter\Database\BaseBuilder->get()
 6 APPPATH\Controllers\Admin_siswa.php(29): App\Models\Model_admin_siswa->getSiswa()
 7 SYSTEMPATH\CodeIgniter.php(933): App\Controllers\Admin_siswa->index()
 8 SYSTEMPATH\CodeIgniter.php(507): CodeIgniter\CodeIgniter->runController(Object(App\Controllers\Admin_siswa))
 9 SYSTEMPATH\CodeIgniter.php(354): CodeIgniter\CodeIgniter->handleRequest(null, Object(Config\Cache), false)
10 SYSTEMPATH\Boot.php(334): CodeIgniter\CodeIgniter->run()
11 SYSTEMPATH\Boot.php(67): CodeIgniter\Boot::runCodeIgniter(Object(CodeIgniter\CodeIgniter))
12 FCPATH\index.php(59): CodeIgniter\Boot::bootWeb(Object(Config\Paths))
13 SYSTEMPATH\rewrite.php(44): require_once('D:\\laragon\\www\\app_sekolah_muhammadiyah\\public\\index.php')
DEBUG - 2025-05-21 06:03:33 --> Session: Class initialized using 'CodeIgniter\Session\Handlers\FileHandler' driver.
DEBUG - 2025-05-21 06:03:35 --> Session: Class initialized using 'CodeIgniter\Session\Handlers\FileHandler' driver.
DEBUG - 2025-05-21 06:03:37 --> Session: Class initialized using 'CodeIgniter\Session\Handlers\FileHandler' driver.
DEBUG - 2025-05-21 06:08:32 --> Session: Class initialized using 'CodeIgniter\Session\Handlers\FileHandler' driver.
DEBUG - 2025-05-21 06:09:54 --> Session: Class initialized using 'CodeIgniter\Session\Handlers\FileHandler' driver.
DEBUG - 2025-05-21 06:09:54 --> Session: Class initialized using 'CodeIgniter\Session\Handlers\FileHandler' driver.
DEBUG - 2025-05-21 06:12:34 --> Session: Class initialized using 'CodeIgniter\Session\Handlers\FileHandler' driver.
ERROR - 2025-05-21 06:12:34 --> mysqli_sql_exception: Table 'db_sds.sm_siswa' doesn't exist in D:\laragon\www\app_sekolah_muhammadiyah\vendor\codeigniter4\framework\system\Database\MySQLi\Connection.php:327
Stack trace:
#0 D:\laragon\www\app_sekolah_muhammadiyah\vendor\codeigniter4\framework\system\Database\MySQLi\Connection.php(327): mysqli->query('SELECT `sm_sisw...', 0)
#1 D:\laragon\www\app_sekolah_muhammadiyah\vendor\codeigniter4\framework\system\Database\BaseConnection.php(738): CodeIgniter\Database\MySQLi\Connection->execute('SELECT `sm_sisw...')
#2 D:\laragon\www\app_sekolah_muhammadiyah\vendor\codeigniter4\framework\system\Database\BaseConnection.php(652): CodeIgniter\Database\BaseConnection->simpleQuery('SELECT `sm_sisw...')
#3 D:\laragon\www\app_sekolah_muhammadiyah\vendor\codeigniter4\framework\system\Database\BaseBuilder.php(1649): CodeIgniter\Database\BaseConnection->query('SELECT `sm_sisw...', Array, false)
#4 D:\laragon\www\app_sekolah_muhammadiyah\app\Models\Model_admin_siswa.php(29): CodeIgniter\Database\BaseBuilder->get()
#5 D:\laragon\www\app_sekolah_muhammadiyah\app\Controllers\Admin_siswa.php(29): App\Models\Model_admin_siswa->getSiswa()
#6 D:\laragon\www\app_sekolah_muhammadiyah\vendor\codeigniter4\framework\system\CodeIgniter.php(933): App\Controllers\Admin_siswa->index()
#7 D:\laragon\www\app_sekolah_muhammadiyah\vendor\codeigniter4\framework\system\CodeIgniter.php(507): CodeIgniter\CodeIgniter->runController(Object(App\Controllers\Admin_siswa))
#8 D:\laragon\www\app_sekolah_muhammadiyah\vendor\codeigniter4\framework\system\CodeIgniter.php(354): CodeIgniter\CodeIgniter->handleRequest(NULL, Object(Config\Cache), false)
#9 D:\laragon\www\app_sekolah_muhammadiyah\vendor\codeigniter4\framework\system\Boot.php(334): CodeIgniter\CodeIgniter->run()
#10 D:\laragon\www\app_sekolah_muhammadiyah\vendor\codeigniter4\framework\system\Boot.php(67): CodeIgniter\Boot::runCodeIgniter(Object(CodeIgniter\CodeIgniter))
#11 D:\laragon\www\app_sekolah_muhammadiyah\public\index.php(59): CodeIgniter\Boot::bootWeb(Object(Config\Paths))
#12 D:\laragon\www\app_sekolah_muhammadiyah\vendor\codeigniter4\framework\system\rewrite.php(44): require_once('D:\\laragon\\www\\...')
#13 {main}
CRITICAL - 2025-05-21 06:12:34 --> CodeIgniter\Database\Exceptions\DatabaseException: Table 'db_sds.sm_siswa' doesn't exist
[Method: GET, Route: admin_siswa]
in SYSTEMPATH\Database\BaseConnection.php on line 692.
 1 SYSTEMPATH\Database\BaseBuilder.php(1649): CodeIgniter\Database\BaseConnection->query('SELECT `sm_siswa`.*, `sm_bentuk_pendidikan`.`bentuk_pendidikan`, `sm_kelas`.`nama_kelas`, `sm_users`.*
FROM `sm_siswa`
LEFT JOIN `sm_bentuk_pendidikan` ON `sm_bentuk_pendidikan`.`id_bentuk_pendidikan` = `sm_siswa`.`bentuk_pendidikan_id`
LEFT JOIN `sm_kelas` ON `sm_kelas`.`id_kelas` = `sm_siswa`.`kelas_id`
LEFT JOIN `sm_users` ON `sm_users`.`kode_person` = `sm_siswa`.`nis`', [], false)
 2 APPPATH\Models\Model_admin_siswa.php(29): CodeIgniter\Database\BaseBuilder->get()
 3 APPPATH\Controllers\Admin_siswa.php(29): App\Models\Model_admin_siswa->getSiswa()
 4 SYSTEMPATH\CodeIgniter.php(933): App\Controllers\Admin_siswa->index()
 5 SYSTEMPATH\CodeIgniter.php(507): CodeIgniter\CodeIgniter->runController(Object(App\Controllers\Admin_siswa))
 6 SYSTEMPATH\CodeIgniter.php(354): CodeIgniter\CodeIgniter->handleRequest(null, Object(Config\Cache), false)
 7 SYSTEMPATH\Boot.php(334): CodeIgniter\CodeIgniter->run()
 8 SYSTEMPATH\Boot.php(67): CodeIgniter\Boot::runCodeIgniter(Object(CodeIgniter\CodeIgniter))
 9 FCPATH\index.php(59): CodeIgniter\Boot::bootWeb(Object(Config\Paths))
10 SYSTEMPATH\rewrite.php(44): require_once('D:\\laragon\\www\\app_sekolah_muhammadiyah\\public\\index.php')
CRITICAL - 2025-05-21 06:12:34 --> [Caused by] CodeIgniter\Database\Exceptions\DatabaseException: Table 'db_sds.sm_siswa' doesn't exist
in SYSTEMPATH\Database\MySQLi\Connection.php on line 332.
 1 SYSTEMPATH\Database\BaseConnection.php(738): CodeIgniter\Database\MySQLi\Connection->execute('SELECT `sm_siswa`.*, `sm_bentuk_pendidikan`.`bentuk_pendidikan`, `sm_kelas`.`nama_kelas`, `sm_users`.*
FROM `sm_siswa`
LEFT JOIN `sm_bentuk_pendidikan` ON `sm_bentuk_pendidikan`.`id_bentuk_pendidikan` = `sm_siswa`.`bentuk_pendidikan_id`
LEFT JOIN `sm_kelas` ON `sm_kelas`.`id_kelas` = `sm_siswa`.`kelas_id`
LEFT JOIN `sm_users` ON `sm_users`.`kode_person` = `sm_siswa`.`nis`')
 2 SYSTEMPATH\Database\BaseConnection.php(652): CodeIgniter\Database\BaseConnection->simpleQuery('SELECT `sm_siswa`.*, `sm_bentuk_pendidikan`.`bentuk_pendidikan`, `sm_kelas`.`nama_kelas`, `sm_users`.*
FROM `sm_siswa`
LEFT JOIN `sm_bentuk_pendidikan` ON `sm_bentuk_pendidikan`.`id_bentuk_pendidikan` = `sm_siswa`.`bentuk_pendidikan_id`
LEFT JOIN `sm_kelas` ON `sm_kelas`.`id_kelas` = `sm_siswa`.`kelas_id`
LEFT JOIN `sm_users` ON `sm_users`.`kode_person` = `sm_siswa`.`nis`')
 3 SYSTEMPATH\Database\BaseBuilder.php(1649): CodeIgniter\Database\BaseConnection->query('SELECT `sm_siswa`.*, `sm_bentuk_pendidikan`.`bentuk_pendidikan`, `sm_kelas`.`nama_kelas`, `sm_users`.*
FROM `sm_siswa`
LEFT JOIN `sm_bentuk_pendidikan` ON `sm_bentuk_pendidikan`.`id_bentuk_pendidikan` = `sm_siswa`.`bentuk_pendidikan_id`
LEFT JOIN `sm_kelas` ON `sm_kelas`.`id_kelas` = `sm_siswa`.`kelas_id`
LEFT JOIN `sm_users` ON `sm_users`.`kode_person` = `sm_siswa`.`nis`', [], false)
 4 APPPATH\Models\Model_admin_siswa.php(29): CodeIgniter\Database\BaseBuilder->get()
 5 APPPATH\Controllers\Admin_siswa.php(29): App\Models\Model_admin_siswa->getSiswa()
 6 SYSTEMPATH\CodeIgniter.php(933): App\Controllers\Admin_siswa->index()
 7 SYSTEMPATH\CodeIgniter.php(507): CodeIgniter\CodeIgniter->runController(Object(App\Controllers\Admin_siswa))
 8 SYSTEMPATH\CodeIgniter.php(354): CodeIgniter\CodeIgniter->handleRequest(null, Object(Config\Cache), false)
 9 SYSTEMPATH\Boot.php(334): CodeIgniter\CodeIgniter->run()
10 SYSTEMPATH\Boot.php(67): CodeIgniter\Boot::runCodeIgniter(Object(CodeIgniter\CodeIgniter))
11 FCPATH\index.php(59): CodeIgniter\Boot::bootWeb(Object(Config\Paths))
12 SYSTEMPATH\rewrite.php(44): require_once('D:\\laragon\\www\\app_sekolah_muhammadiyah\\public\\index.php')
CRITICAL - 2025-05-21 06:12:34 --> [Caused by] mysqli_sql_exception: Table 'db_sds.sm_siswa' doesn't exist
in SYSTEMPATH\Database\MySQLi\Connection.php on line 327.
 1 SYSTEMPATH\Database\MySQLi\Connection.php(327): mysqli->query('SELECT `sm_siswa`.*, `sm_bentuk_pendidikan`.`bentuk_pendidikan`, `sm_kelas`.`nama_kelas`, `sm_users`.*
FROM `sm_siswa`
LEFT JOIN `sm_bentuk_pendidikan` ON `sm_bentuk_pendidikan`.`id_bentuk_pendidikan` = `sm_siswa`.`bentuk_pendidikan_id`
LEFT JOIN `sm_kelas` ON `sm_kelas`.`id_kelas` = `sm_siswa`.`kelas_id`
LEFT JOIN `sm_users` ON `sm_users`.`kode_person` = `sm_siswa`.`nis`', 0)
 2 SYSTEMPATH\Database\BaseConnection.php(738): CodeIgniter\Database\MySQLi\Connection->execute('SELECT `sm_siswa`.*, `sm_bentuk_pendidikan`.`bentuk_pendidikan`, `sm_kelas`.`nama_kelas`, `sm_users`.*
FROM `sm_siswa`
LEFT JOIN `sm_bentuk_pendidikan` ON `sm_bentuk_pendidikan`.`id_bentuk_pendidikan` = `sm_siswa`.`bentuk_pendidikan_id`
LEFT JOIN `sm_kelas` ON `sm_kelas`.`id_kelas` = `sm_siswa`.`kelas_id`
LEFT JOIN `sm_users` ON `sm_users`.`kode_person` = `sm_siswa`.`nis`')
 3 SYSTEMPATH\Database\BaseConnection.php(652): CodeIgniter\Database\BaseConnection->simpleQuery('SELECT `sm_siswa`.*, `sm_bentuk_pendidikan`.`bentuk_pendidikan`, `sm_kelas`.`nama_kelas`, `sm_users`.*
FROM `sm_siswa`
LEFT JOIN `sm_bentuk_pendidikan` ON `sm_bentuk_pendidikan`.`id_bentuk_pendidikan` = `sm_siswa`.`bentuk_pendidikan_id`
LEFT JOIN `sm_kelas` ON `sm_kelas`.`id_kelas` = `sm_siswa`.`kelas_id`
LEFT JOIN `sm_users` ON `sm_users`.`kode_person` = `sm_siswa`.`nis`')
 4 SYSTEMPATH\Database\BaseBuilder.php(1649): CodeIgniter\Database\BaseConnection->query('SELECT `sm_siswa`.*, `sm_bentuk_pendidikan`.`bentuk_pendidikan`, `sm_kelas`.`nama_kelas`, `sm_users`.*
FROM `sm_siswa`
LEFT JOIN `sm_bentuk_pendidikan` ON `sm_bentuk_pendidikan`.`id_bentuk_pendidikan` = `sm_siswa`.`bentuk_pendidikan_id`
LEFT JOIN `sm_kelas` ON `sm_kelas`.`id_kelas` = `sm_siswa`.`kelas_id`
LEFT JOIN `sm_users` ON `sm_users`.`kode_person` = `sm_siswa`.`nis`', [], false)
 5 APPPATH\Models\Model_admin_siswa.php(29): CodeIgniter\Database\BaseBuilder->get()
 6 APPPATH\Controllers\Admin_siswa.php(29): App\Models\Model_admin_siswa->getSiswa()
 7 SYSTEMPATH\CodeIgniter.php(933): App\Controllers\Admin_siswa->index()
 8 SYSTEMPATH\CodeIgniter.php(507): CodeIgniter\CodeIgniter->runController(Object(App\Controllers\Admin_siswa))
 9 SYSTEMPATH\CodeIgniter.php(354): CodeIgniter\CodeIgniter->handleRequest(null, Object(Config\Cache), false)
10 SYSTEMPATH\Boot.php(334): CodeIgniter\CodeIgniter->run()
11 SYSTEMPATH\Boot.php(67): CodeIgniter\Boot::runCodeIgniter(Object(CodeIgniter\CodeIgniter))
12 FCPATH\index.php(59): CodeIgniter\Boot::bootWeb(Object(Config\Paths))
13 SYSTEMPATH\rewrite.php(44): require_once('D:\\laragon\\www\\app_sekolah_muhammadiyah\\public\\index.php')
DEBUG - 2025-05-21 09:04:02 --> Session: Class initialized using 'CodeIgniter\Session\Handlers\FileHandler' driver.
DEBUG - 2025-05-21 09:04:02 --> Session: Class initialized using 'CodeIgniter\Session\Handlers\FileHandler' driver.
DEBUG - 2025-05-21 09:04:11 --> Session: Class initialized using 'CodeIgniter\Session\Handlers\FileHandler' driver.
DEBUG - 2025-05-21 09:04:11 --> Session: Class initialized using 'CodeIgniter\Session\Handlers\FileHandler' driver.
DEBUG - 2025-05-21 09:04:21 --> Session: Class initialized using 'CodeIgniter\Session\Handlers\FileHandler' driver.
DEBUG - 2025-05-21 09:04:37 --> Session: Class initialized using 'CodeIgniter\Session\Handlers\FileHandler' driver.
DEBUG - 2025-05-21 09:04:41 --> Session: Class initialized using 'CodeIgniter\Session\Handlers\FileHandler' driver.
