DEBUG - 2025-05-23 01:58:20 --> Session: Class initialized using 'CodeIgniter\Session\Handlers\FileHandler' driver.
DEBUG - 2025-05-23 01:58:21 --> Session: Class initialized using 'CodeIgniter\Session\Handlers\FileHandler' driver.
DEBUG - 2025-05-23 01:58:27 --> Session: Class initialized using 'CodeIgniter\Session\Handlers\FileHandler' driver.
DEBUG - 2025-05-23 01:58:27 --> Session: Class initialized using 'CodeIgniter\Session\Handlers\FileHandler' driver.
DEBUG - 2025-05-23 01:58:31 --> Session: Class initialized using 'CodeIgniter\Session\Handlers\FileHandler' driver.
CRITICAL - 2025-05-23 01:58:31 --> TypeError: Cannot access offset of type string on string
[Method: GET, Route: admin_jabatan]
in APPPATH\Views\admin\kepegawaian\jabatan\v_jabatan.php on line 169.
 1 SYSTEMPATH\View\View.php(224): include()
 2 SYSTEMPATH\View\View.php(227): CodeIgniter\View\View->CodeIgniter\View\{closure}()
 3 SYSTEMPATH\Common.php(1173): CodeIgniter\View\View->render('admin/kepegawaian/jabatan/v_jabatan', [], true)
 4 APPPATH\Controllers\Admin_jabatan.php(28): view('admin/kepegawaian/jabatan/v_jabatan', [...])
 5 SYSTEMPATH\CodeIgniter.php(933): App\Controllers\Admin_jabatan->index()
 6 SYSTEMPATH\CodeIgniter.php(507): CodeIgniter\CodeIgniter->runController(Object(App\Controllers\Admin_jabatan))
 7 SYSTEMPATH\CodeIgniter.php(354): CodeIgniter\CodeIgniter->handleRequest(null, Object(Config\Cache), false)
 8 SYSTEMPATH\Boot.php(334): CodeIgniter\CodeIgniter->run()
 9 SYSTEMPATH\Boot.php(67): CodeIgniter\Boot::runCodeIgniter(Object(CodeIgniter\CodeIgniter))
10 FCPATH\index.php(59): CodeIgniter\Boot::bootWeb(Object(Config\Paths))
11 SYSTEMPATH\rewrite.php(44): require_once('D:\\laragon\\www\\app_sekolah_muhammadiyah\\public\\index.php')
DEBUG - 2025-05-23 01:58:36 --> Session: Class initialized using 'CodeIgniter\Session\Handlers\FileHandler' driver.
CRITICAL - 2025-05-23 01:58:36 --> TypeError: Cannot access offset of type string on string
[Method: GET, Route: admin_jabatan]
in APPPATH\Views\admin\kepegawaian\jabatan\v_jabatan.php on line 169.
 1 SYSTEMPATH\View\View.php(224): include()
 2 SYSTEMPATH\View\View.php(227): CodeIgniter\View\View->CodeIgniter\View\{closure}()
 3 SYSTEMPATH\Common.php(1173): CodeIgniter\View\View->render('admin/kepegawaian/jabatan/v_jabatan', [], true)
 4 APPPATH\Controllers\Admin_jabatan.php(28): view('admin/kepegawaian/jabatan/v_jabatan', [...])
 5 SYSTEMPATH\CodeIgniter.php(933): App\Controllers\Admin_jabatan->index()
 6 SYSTEMPATH\CodeIgniter.php(507): CodeIgniter\CodeIgniter->runController(Object(App\Controllers\Admin_jabatan))
 7 SYSTEMPATH\CodeIgniter.php(354): CodeIgniter\CodeIgniter->handleRequest(null, Object(Config\Cache), false)
 8 SYSTEMPATH\Boot.php(334): CodeIgniter\CodeIgniter->run()
 9 SYSTEMPATH\Boot.php(67): CodeIgniter\Boot::runCodeIgniter(Object(CodeIgniter\CodeIgniter))
10 FCPATH\index.php(59): CodeIgniter\Boot::bootWeb(Object(Config\Paths))
11 SYSTEMPATH\rewrite.php(44): require_once('D:\\laragon\\www\\app_sekolah_muhammadiyah\\public\\index.php')
DEBUG - 2025-05-23 01:59:46 --> Session: Class initialized using 'CodeIgniter\Session\Handlers\FileHandler' driver.
CRITICAL - 2025-05-23 01:59:46 --> TypeError: Cannot access offset of type string on string
[Method: GET, Route: admin_jabatan]
in APPPATH\Views\admin\kepegawaian\jabatan\v_jabatan.php on line 169.
 1 SYSTEMPATH\View\View.php(224): include()
 2 SYSTEMPATH\View\View.php(227): CodeIgniter\View\View->CodeIgniter\View\{closure}()
 3 SYSTEMPATH\Common.php(1173): CodeIgniter\View\View->render('admin/kepegawaian/jabatan/v_jabatan', [], true)
 4 APPPATH\Controllers\Admin_jabatan.php(28): view('admin/kepegawaian/jabatan/v_jabatan', [...])
 5 SYSTEMPATH\CodeIgniter.php(933): App\Controllers\Admin_jabatan->index()
 6 SYSTEMPATH\CodeIgniter.php(507): CodeIgniter\CodeIgniter->runController(Object(App\Controllers\Admin_jabatan))
 7 SYSTEMPATH\CodeIgniter.php(354): CodeIgniter\CodeIgniter->handleRequest(null, Object(Config\Cache), false)
 8 SYSTEMPATH\Boot.php(334): CodeIgniter\CodeIgniter->run()
 9 SYSTEMPATH\Boot.php(67): CodeIgniter\Boot::runCodeIgniter(Object(CodeIgniter\CodeIgniter))
10 FCPATH\index.php(59): CodeIgniter\Boot::bootWeb(Object(Config\Paths))
11 SYSTEMPATH\rewrite.php(44): require_once('D:\\laragon\\www\\app_sekolah_muhammadiyah\\public\\index.php')
DEBUG - 2025-05-23 02:00:30 --> Session: Class initialized using 'CodeIgniter\Session\Handlers\FileHandler' driver.
DEBUG - 2025-05-23 02:08:36 --> Session: Class initialized using 'CodeIgniter\Session\Handlers\FileHandler' driver.
DEBUG - 2025-05-23 02:08:39 --> Session: Class initialized using 'CodeIgniter\Session\Handlers\FileHandler' driver.
CRITICAL - 2025-05-23 02:08:39 --> CodeIgniter\View\Exceptions\ViewException: Invalid file: "admin/kepegawaian/pegawai/v_pegawai.php"
[Method: GET, Route: admin_pegawai]
in SYSTEMPATH\Exceptions\FrameworkException.php on line 39.
 1 SYSTEMPATH\View\View.php(212): CodeIgniter\Exceptions\FrameworkException::forInvalidFile('admin/kepegawaian/pegawai/v_pegawai.php')
 2 SYSTEMPATH\Common.php(1173): CodeIgniter\View\View->render('admin/kepegawaian/pegawai/v_pegawai', [], true)
 3 APPPATH\Controllers\Admin_pegawai.php(15): view('admin/kepegawaian/pegawai/v_pegawai', [...])
 4 SYSTEMPATH\CodeIgniter.php(933): App\Controllers\Admin_pegawai->index()
 5 SYSTEMPATH\CodeIgniter.php(507): CodeIgniter\CodeIgniter->runController(Object(App\Controllers\Admin_pegawai))
 6 SYSTEMPATH\CodeIgniter.php(354): CodeIgniter\CodeIgniter->handleRequest(null, Object(Config\Cache), false)
 7 SYSTEMPATH\Boot.php(334): CodeIgniter\CodeIgniter->run()
 8 SYSTEMPATH\Boot.php(67): CodeIgniter\Boot::runCodeIgniter(Object(CodeIgniter\CodeIgniter))
 9 FCPATH\index.php(59): CodeIgniter\Boot::bootWeb(Object(Config\Paths))
10 SYSTEMPATH\rewrite.php(44): require_once('D:\\laragon\\www\\app_sekolah_muhammadiyah\\public\\index.php')
DEBUG - 2025-05-23 02:09:12 --> Session: Class initialized using 'CodeIgniter\Session\Handlers\FileHandler' driver.
DEBUG - 2025-05-23 02:10:12 --> Session: Class initialized using 'CodeIgniter\Session\Handlers\FileHandler' driver.
CRITICAL - 2025-05-23 02:10:12 --> ErrorException: Undefined variable $v
[Method: GET, Route: admin_pegawai]
in APPPATH\Views\admin\kepegawaian\pegawai\v_pegawai.php on line 81.
 1 APPPATH\Views\admin\kepegawaian\pegawai\v_pegawai.php(81): CodeIgniter\Debug\Exceptions->errorHandler(2, 'Undefined variable $v', 'D:\\laragon\\www\\app_sekolah_muhammadiyah\\app\\Views\\admin\\kepegawaian\\pegawai\\v_pegawai.php', 81)
 2 SYSTEMPATH\View\View.php(224): include('D:\\laragon\\www\\app_sekolah_muhammadiyah\\app\\Views\\admin\\kepegawaian\\pegawai\\v_pegawai.php')
 3 SYSTEMPATH\View\View.php(227): CodeIgniter\View\View->CodeIgniter\View\{closure}()
 4 SYSTEMPATH\Common.php(1173): CodeIgniter\View\View->render('admin/kepegawaian/pegawai/v_pegawai', [], true)
 5 APPPATH\Controllers\Admin_pegawai.php(15): view('admin/kepegawaian/pegawai/v_pegawai', [...])
 6 SYSTEMPATH\CodeIgniter.php(933): App\Controllers\Admin_pegawai->index()
 7 SYSTEMPATH\CodeIgniter.php(507): CodeIgniter\CodeIgniter->runController(Object(App\Controllers\Admin_pegawai))
 8 SYSTEMPATH\CodeIgniter.php(354): CodeIgniter\CodeIgniter->handleRequest(null, Object(Config\Cache), false)
 9 SYSTEMPATH\Boot.php(334): CodeIgniter\CodeIgniter->run()
10 SYSTEMPATH\Boot.php(67): CodeIgniter\Boot::runCodeIgniter(Object(CodeIgniter\CodeIgniter))
11 FCPATH\index.php(59): CodeIgniter\Boot::bootWeb(Object(Config\Paths))
12 SYSTEMPATH\rewrite.php(44): require_once('D:\\laragon\\www\\app_sekolah_muhammadiyah\\public\\index.php')
DEBUG - 2025-05-23 02:10:48 --> Session: Class initialized using 'CodeIgniter\Session\Handlers\FileHandler' driver.
CRITICAL - 2025-05-23 02:10:48 --> ParseError: syntax error, unexpected token "endforeach", expecting end of file
[Method: GET, Route: admin_pegawai]
in APPPATH\Views\admin\kepegawaian\pegawai\v_pegawai.php on line 103.
 1 SYSTEMPATH\View\View.php(227): CodeIgniter\View\View->CodeIgniter\View\{closure}()
 2 SYSTEMPATH\Common.php(1173): CodeIgniter\View\View->render('admin/kepegawaian/pegawai/v_pegawai', [], true)
 3 APPPATH\Controllers\Admin_pegawai.php(15): view('admin/kepegawaian/pegawai/v_pegawai', [...])
 4 SYSTEMPATH\CodeIgniter.php(933): App\Controllers\Admin_pegawai->index()
 5 SYSTEMPATH\CodeIgniter.php(507): CodeIgniter\CodeIgniter->runController(Object(App\Controllers\Admin_pegawai))
 6 SYSTEMPATH\CodeIgniter.php(354): CodeIgniter\CodeIgniter->handleRequest(null, Object(Config\Cache), false)
 7 SYSTEMPATH\Boot.php(334): CodeIgniter\CodeIgniter->run()
 8 SYSTEMPATH\Boot.php(67): CodeIgniter\Boot::runCodeIgniter(Object(CodeIgniter\CodeIgniter))
 9 FCPATH\index.php(59): CodeIgniter\Boot::bootWeb(Object(Config\Paths))
10 SYSTEMPATH\rewrite.php(44): require_once('D:\\laragon\\www\\app_sekolah_muhammadiyah\\public\\index.php')
DEBUG - 2025-05-23 02:10:53 --> Session: Class initialized using 'CodeIgniter\Session\Handlers\FileHandler' driver.
CRITICAL - 2025-05-23 02:10:53 --> ErrorException: Undefined variable $bentuk_pendidikan
[Method: GET, Route: admin_pegawai]
in APPPATH\Views\admin\kepegawaian\pegawai\v_pegawai.php on line 137.
 1 APPPATH\Views\admin\kepegawaian\pegawai\v_pegawai.php(137): CodeIgniter\Debug\Exceptions->errorHandler(2, 'Undefined variable $bentuk_pendidikan', 'D:\\laragon\\www\\app_sekolah_muhammadiyah\\app\\Views\\admin\\kepegawaian\\pegawai\\v_pegawai.php', 137)
 2 SYSTEMPATH\View\View.php(224): include('D:\\laragon\\www\\app_sekolah_muhammadiyah\\app\\Views\\admin\\kepegawaian\\pegawai\\v_pegawai.php')
 3 SYSTEMPATH\View\View.php(227): CodeIgniter\View\View->CodeIgniter\View\{closure}()
 4 SYSTEMPATH\Common.php(1173): CodeIgniter\View\View->render('admin/kepegawaian/pegawai/v_pegawai', [], true)
 5 APPPATH\Controllers\Admin_pegawai.php(15): view('admin/kepegawaian/pegawai/v_pegawai', [...])
 6 SYSTEMPATH\CodeIgniter.php(933): App\Controllers\Admin_pegawai->index()
 7 SYSTEMPATH\CodeIgniter.php(507): CodeIgniter\CodeIgniter->runController(Object(App\Controllers\Admin_pegawai))
 8 SYSTEMPATH\CodeIgniter.php(354): CodeIgniter\CodeIgniter->handleRequest(null, Object(Config\Cache), false)
 9 SYSTEMPATH\Boot.php(334): CodeIgniter\CodeIgniter->run()
10 SYSTEMPATH\Boot.php(67): CodeIgniter\Boot::runCodeIgniter(Object(CodeIgniter\CodeIgniter))
11 FCPATH\index.php(59): CodeIgniter\Boot::bootWeb(Object(Config\Paths))
12 SYSTEMPATH\rewrite.php(44): require_once('D:\\laragon\\www\\app_sekolah_muhammadiyah\\public\\index.php')
DEBUG - 2025-05-23 02:11:17 --> Session: Class initialized using 'CodeIgniter\Session\Handlers\FileHandler' driver.
DEBUG - 2025-05-23 02:13:28 --> Session: Class initialized using 'CodeIgniter\Session\Handlers\FileHandler' driver.
DEBUG - 2025-05-23 02:13:30 --> Session: Class initialized using 'CodeIgniter\Session\Handlers\FileHandler' driver.
CRITICAL - 2025-05-23 02:13:30 --> TypeError: Cannot access offset of type string on string
[Method: GET, Route: admin_jabatan]
in APPPATH\Views\admin\kepegawaian\jabatan\v_jabatan.php on line 169.
 1 SYSTEMPATH\View\View.php(224): include()
 2 SYSTEMPATH\View\View.php(227): CodeIgniter\View\View->CodeIgniter\View\{closure}()
 3 SYSTEMPATH\Common.php(1173): CodeIgniter\View\View->render('admin/kepegawaian/jabatan/v_jabatan', [], true)
 4 APPPATH\Controllers\Admin_jabatan.php(28): view('admin/kepegawaian/jabatan/v_jabatan', [...])
 5 SYSTEMPATH\CodeIgniter.php(933): App\Controllers\Admin_jabatan->index()
 6 SYSTEMPATH\CodeIgniter.php(507): CodeIgniter\CodeIgniter->runController(Object(App\Controllers\Admin_jabatan))
 7 SYSTEMPATH\CodeIgniter.php(354): CodeIgniter\CodeIgniter->handleRequest(null, Object(Config\Cache), false)
 8 SYSTEMPATH\Boot.php(334): CodeIgniter\CodeIgniter->run()
 9 SYSTEMPATH\Boot.php(67): CodeIgniter\Boot::runCodeIgniter(Object(CodeIgniter\CodeIgniter))
10 FCPATH\index.php(59): CodeIgniter\Boot::bootWeb(Object(Config\Paths))
11 SYSTEMPATH\rewrite.php(44): require_once('D:\\laragon\\www\\app_sekolah_muhammadiyah\\public\\index.php')
DEBUG - 2025-05-23 02:13:37 --> Session: Class initialized using 'CodeIgniter\Session\Handlers\FileHandler' driver.
CRITICAL - 2025-05-23 02:13:37 --> TypeError: Cannot access offset of type string on string
[Method: GET, Route: admin_jabatan]
in APPPATH\Views\admin\kepegawaian\jabatan\v_jabatan.php on line 169.
 1 SYSTEMPATH\View\View.php(224): include()
 2 SYSTEMPATH\View\View.php(227): CodeIgniter\View\View->CodeIgniter\View\{closure}()
 3 SYSTEMPATH\Common.php(1173): CodeIgniter\View\View->render('admin/kepegawaian/jabatan/v_jabatan', [], true)
 4 APPPATH\Controllers\Admin_jabatan.php(28): view('admin/kepegawaian/jabatan/v_jabatan', [...])
 5 SYSTEMPATH\CodeIgniter.php(933): App\Controllers\Admin_jabatan->index()
 6 SYSTEMPATH\CodeIgniter.php(507): CodeIgniter\CodeIgniter->runController(Object(App\Controllers\Admin_jabatan))
 7 SYSTEMPATH\CodeIgniter.php(354): CodeIgniter\CodeIgniter->handleRequest(null, Object(Config\Cache), false)
 8 SYSTEMPATH\Boot.php(334): CodeIgniter\CodeIgniter->run()
 9 SYSTEMPATH\Boot.php(67): CodeIgniter\Boot::runCodeIgniter(Object(CodeIgniter\CodeIgniter))
10 FCPATH\index.php(59): CodeIgniter\Boot::bootWeb(Object(Config\Paths))
11 SYSTEMPATH\rewrite.php(44): require_once('D:\\laragon\\www\\app_sekolah_muhammadiyah\\public\\index.php')
DEBUG - 2025-05-23 02:13:38 --> Session: Class initialized using 'CodeIgniter\Session\Handlers\FileHandler' driver.
DEBUG - 2025-05-23 02:13:39 --> Session: Class initialized using 'CodeIgniter\Session\Handlers\FileHandler' driver.
DEBUG - 2025-05-23 02:13:51 --> Session: Class initialized using 'CodeIgniter\Session\Handlers\FileHandler' driver.
DEBUG - 2025-05-23 02:14:19 --> Session: Class initialized using 'CodeIgniter\Session\Handlers\FileHandler' driver.
DEBUG - 2025-05-23 02:14:20 --> Session: Class initialized using 'CodeIgniter\Session\Handlers\FileHandler' driver.
DEBUG - 2025-05-23 02:14:22 --> Session: Class initialized using 'CodeIgniter\Session\Handlers\FileHandler' driver.
DEBUG - 2025-05-23 02:14:23 --> Session: Class initialized using 'CodeIgniter\Session\Handlers\FileHandler' driver.
DEBUG - 2025-05-23 02:14:24 --> Session: Class initialized using 'CodeIgniter\Session\Handlers\FileHandler' driver.
DEBUG - 2025-05-23 02:14:25 --> Session: Class initialized using 'CodeIgniter\Session\Handlers\FileHandler' driver.
DEBUG - 2025-05-23 02:14:26 --> Session: Class initialized using 'CodeIgniter\Session\Handlers\FileHandler' driver.
DEBUG - 2025-05-23 02:14:36 --> Session: Class initialized using 'CodeIgniter\Session\Handlers\FileHandler' driver.
DEBUG - 2025-05-23 02:14:38 --> Session: Class initialized using 'CodeIgniter\Session\Handlers\FileHandler' driver.
DEBUG - 2025-05-23 02:14:39 --> Session: Class initialized using 'CodeIgniter\Session\Handlers\FileHandler' driver.
DEBUG - 2025-05-23 02:15:33 --> Session: Class initialized using 'CodeIgniter\Session\Handlers\FileHandler' driver.
DEBUG - 2025-05-23 02:19:31 --> Session: Class initialized using 'CodeIgniter\Session\Handlers\FileHandler' driver.
DEBUG - 2025-05-23 02:19:33 --> Session: Class initialized using 'CodeIgniter\Session\Handlers\FileHandler' driver.
DEBUG - 2025-05-23 02:20:38 --> Session: Class initialized using 'CodeIgniter\Session\Handlers\FileHandler' driver.
DEBUG - 2025-05-23 02:20:44 --> Session: Class initialized using 'CodeIgniter\Session\Handlers\FileHandler' driver.
DEBUG - 2025-05-23 02:20:50 --> Session: Class initialized using 'CodeIgniter\Session\Handlers\FileHandler' driver.
DEBUG - 2025-05-23 02:23:43 --> Session: Class initialized using 'CodeIgniter\Session\Handlers\FileHandler' driver.
DEBUG - 2025-05-23 02:23:54 --> Session: Class initialized using 'CodeIgniter\Session\Handlers\FileHandler' driver.
DEBUG - 2025-05-23 02:24:03 --> Session: Class initialized using 'CodeIgniter\Session\Handlers\FileHandler' driver.
DEBUG - 2025-05-23 02:25:12 --> Session: Class initialized using 'CodeIgniter\Session\Handlers\FileHandler' driver.
DEBUG - 2025-05-23 02:25:16 --> Session: Class initialized using 'CodeIgniter\Session\Handlers\FileHandler' driver.
DEBUG - 2025-05-23 02:25:18 --> Session: Class initialized using 'CodeIgniter\Session\Handlers\FileHandler' driver.
DEBUG - 2025-05-23 02:25:38 --> Session: Class initialized using 'CodeIgniter\Session\Handlers\FileHandler' driver.
DEBUG - 2025-05-23 02:26:16 --> Session: Class initialized using 'CodeIgniter\Session\Handlers\FileHandler' driver.
DEBUG - 2025-05-23 02:27:44 --> Session: Class initialized using 'CodeIgniter\Session\Handlers\FileHandler' driver.
DEBUG - 2025-05-23 02:28:20 --> Session: Class initialized using 'CodeIgniter\Session\Handlers\FileHandler' driver.
DEBUG - 2025-05-23 02:28:36 --> Session: Class initialized using 'CodeIgniter\Session\Handlers\FileHandler' driver.
DEBUG - 2025-05-23 02:28:42 --> Session: Class initialized using 'CodeIgniter\Session\Handlers\FileHandler' driver.
DEBUG - 2025-05-23 02:29:02 --> Session: Class initialized using 'CodeIgniter\Session\Handlers\FileHandler' driver.
DEBUG - 2025-05-23 02:29:44 --> Session: Class initialized using 'CodeIgniter\Session\Handlers\FileHandler' driver.
DEBUG - 2025-05-23 02:30:18 --> Session: Class initialized using 'CodeIgniter\Session\Handlers\FileHandler' driver.
DEBUG - 2025-05-23 02:30:38 --> Session: Class initialized using 'CodeIgniter\Session\Handlers\FileHandler' driver.
DEBUG - 2025-05-23 02:30:51 --> Session: Class initialized using 'CodeIgniter\Session\Handlers\FileHandler' driver.
DEBUG - 2025-05-23 02:30:51 --> Session: Class initialized using 'CodeIgniter\Session\Handlers\FileHandler' driver.
DEBUG - 2025-05-23 02:32:25 --> Session: Class initialized using 'CodeIgniter\Session\Handlers\FileHandler' driver.
DEBUG - 2025-05-23 02:32:52 --> Session: Class initialized using 'CodeIgniter\Session\Handlers\FileHandler' driver.
DEBUG - 2025-05-23 02:33:39 --> Session: Class initialized using 'CodeIgniter\Session\Handlers\FileHandler' driver.
DEBUG - 2025-05-23 02:33:57 --> Session: Class initialized using 'CodeIgniter\Session\Handlers\FileHandler' driver.
DEBUG - 2025-05-23 02:34:03 --> Session: Class initialized using 'CodeIgniter\Session\Handlers\FileHandler' driver.
DEBUG - 2025-05-23 02:34:30 --> Session: Class initialized using 'CodeIgniter\Session\Handlers\FileHandler' driver.
DEBUG - 2025-05-23 02:34:53 --> Session: Class initialized using 'CodeIgniter\Session\Handlers\FileHandler' driver.
DEBUG - 2025-05-23 02:35:09 --> Session: Class initialized using 'CodeIgniter\Session\Handlers\FileHandler' driver.
DEBUG - 2025-05-23 02:35:13 --> Session: Class initialized using 'CodeIgniter\Session\Handlers\FileHandler' driver.
DEBUG - 2025-05-23 02:35:57 --> Session: Class initialized using 'CodeIgniter\Session\Handlers\FileHandler' driver.
DEBUG - 2025-05-23 02:36:42 --> Session: Class initialized using 'CodeIgniter\Session\Handlers\FileHandler' driver.
DEBUG - 2025-05-23 02:36:43 --> Session: Class initialized using 'CodeIgniter\Session\Handlers\FileHandler' driver.
DEBUG - 2025-05-23 02:36:56 --> Session: Class initialized using 'CodeIgniter\Session\Handlers\FileHandler' driver.
DEBUG - 2025-05-23 02:37:02 --> Session: Class initialized using 'CodeIgniter\Session\Handlers\FileHandler' driver.
DEBUG - 2025-05-23 02:37:36 --> Session: Class initialized using 'CodeIgniter\Session\Handlers\FileHandler' driver.
DEBUG - 2025-05-23 02:38:25 --> Session: Class initialized using 'CodeIgniter\Session\Handlers\FileHandler' driver.
DEBUG - 2025-05-23 02:39:33 --> Session: Class initialized using 'CodeIgniter\Session\Handlers\FileHandler' driver.
DEBUG - 2025-05-23 02:39:33 --> Session: Class initialized using 'CodeIgniter\Session\Handlers\FileHandler' driver.
DEBUG - 2025-05-23 02:39:39 --> Session: Class initialized using 'CodeIgniter\Session\Handlers\FileHandler' driver.
DEBUG - 2025-05-23 02:39:39 --> Session: Class initialized using 'CodeIgniter\Session\Handlers\FileHandler' driver.
DEBUG - 2025-05-23 02:39:42 --> Session: Class initialized using 'CodeIgniter\Session\Handlers\FileHandler' driver.
DEBUG - 2025-05-23 02:39:43 --> Session: Class initialized using 'CodeIgniter\Session\Handlers\FileHandler' driver.
DEBUG - 2025-05-23 02:40:16 --> Session: Class initialized using 'CodeIgniter\Session\Handlers\FileHandler' driver.
DEBUG - 2025-05-23 02:40:36 --> Session: Class initialized using 'CodeIgniter\Session\Handlers\FileHandler' driver.
DEBUG - 2025-05-23 02:40:39 --> Session: Class initialized using 'CodeIgniter\Session\Handlers\FileHandler' driver.
DEBUG - 2025-05-23 02:40:40 --> Session: Class initialized using 'CodeIgniter\Session\Handlers\FileHandler' driver.
DEBUG - 2025-05-23 02:40:47 --> Session: Class initialized using 'CodeIgniter\Session\Handlers\FileHandler' driver.
DEBUG - 2025-05-23 02:40:52 --> Session: Class initialized using 'CodeIgniter\Session\Handlers\FileHandler' driver.
DEBUG - 2025-05-23 02:40:52 --> Session: Class initialized using 'CodeIgniter\Session\Handlers\FileHandler' driver.
DEBUG - 2025-05-23 02:40:58 --> Session: Class initialized using 'CodeIgniter\Session\Handlers\FileHandler' driver.
DEBUG - 2025-05-23 02:40:59 --> Session: Class initialized using 'CodeIgniter\Session\Handlers\FileHandler' driver.
DEBUG - 2025-05-23 02:41:06 --> Session: Class initialized using 'CodeIgniter\Session\Handlers\FileHandler' driver.
DEBUG - 2025-05-23 02:41:14 --> Session: Class initialized using 'CodeIgniter\Session\Handlers\FileHandler' driver.
DEBUG - 2025-05-23 02:41:15 --> Session: Class initialized using 'CodeIgniter\Session\Handlers\FileHandler' driver.
DEBUG - 2025-05-23 02:41:25 --> Session: Class initialized using 'CodeIgniter\Session\Handlers\FileHandler' driver.
DEBUG - 2025-05-23 02:41:25 --> Session: Class initialized using 'CodeIgniter\Session\Handlers\FileHandler' driver.
DEBUG - 2025-05-23 02:41:33 --> Session: Class initialized using 'CodeIgniter\Session\Handlers\FileHandler' driver.
DEBUG - 2025-05-23 02:41:44 --> Session: Class initialized using 'CodeIgniter\Session\Handlers\FileHandler' driver.
DEBUG - 2025-05-23 02:41:49 --> Session: Class initialized using 'CodeIgniter\Session\Handlers\FileHandler' driver.
DEBUG - 2025-05-23 02:42:57 --> Session: Class initialized using 'CodeIgniter\Session\Handlers\FileHandler' driver.
CRITICAL - 2025-05-23 02:43:01 --> CodeIgniter\HTTP\Exceptions\BadRequestException: The URI you submitted has disallowed characters: "logout')"
[Method: GET, Route: logout%27%29]
in SYSTEMPATH\Router\Router.php on line 741.
 1 SYSTEMPATH\Router\Router.php(207): CodeIgniter\Router\Router->checkDisallowedChars('logout\')')
 2 SYSTEMPATH\CodeIgniter.php(832): CodeIgniter\Router\Router->handle('logout\')')
 3 SYSTEMPATH\CodeIgniter.php(455): CodeIgniter\CodeIgniter->tryToRouteIt(Object(CodeIgniter\Router\RouteCollection))
 4 SYSTEMPATH\CodeIgniter.php(354): CodeIgniter\CodeIgniter->handleRequest(null, Object(Config\Cache), false)
 5 SYSTEMPATH\Boot.php(334): CodeIgniter\CodeIgniter->run()
 6 SYSTEMPATH\Boot.php(67): CodeIgniter\Boot::runCodeIgniter(Object(CodeIgniter\CodeIgniter))
 7 FCPATH\index.php(59): CodeIgniter\Boot::bootWeb(Object(Config\Paths))
 8 SYSTEMPATH\rewrite.php(44): require_once('D:\\laragon\\www\\app_sekolah_muhammadiyah\\public\\index.php')
DEBUG - 2025-05-23 02:43:04 --> Session: Class initialized using 'CodeIgniter\Session\Handlers\FileHandler' driver.
DEBUG - 2025-05-23 02:43:04 --> Session: Class initialized using 'CodeIgniter\Session\Handlers\FileHandler' driver.
DEBUG - 2025-05-23 02:43:06 --> Session: Class initialized using 'CodeIgniter\Session\Handlers\FileHandler' driver.
DEBUG - 2025-05-23 02:43:06 --> Session: Class initialized using 'CodeIgniter\Session\Handlers\FileHandler' driver.
DEBUG - 2025-05-23 02:43:12 --> Session: Class initialized using 'CodeIgniter\Session\Handlers\FileHandler' driver.
DEBUG - 2025-05-23 02:43:12 --> Session: Class initialized using 'CodeIgniter\Session\Handlers\FileHandler' driver.
DEBUG - 2025-05-23 02:43:14 --> Session: Class initialized using 'CodeIgniter\Session\Handlers\FileHandler' driver.
DEBUG - 2025-05-23 02:43:28 --> Session: Class initialized using 'CodeIgniter\Session\Handlers\FileHandler' driver.
DEBUG - 2025-05-23 02:43:37 --> Session: Class initialized using 'CodeIgniter\Session\Handlers\FileHandler' driver.
DEBUG - 2025-05-23 02:44:07 --> Session: Class initialized using 'CodeIgniter\Session\Handlers\FileHandler' driver.
DEBUG - 2025-05-23 02:44:16 --> Session: Class initialized using 'CodeIgniter\Session\Handlers\FileHandler' driver.
DEBUG - 2025-05-23 02:44:22 --> Session: Class initialized using 'CodeIgniter\Session\Handlers\FileHandler' driver.
DEBUG - 2025-05-23 02:45:04 --> Session: Class initialized using 'CodeIgniter\Session\Handlers\FileHandler' driver.
DEBUG - 2025-05-23 02:45:17 --> Session: Class initialized using 'CodeIgniter\Session\Handlers\FileHandler' driver.
DEBUG - 2025-05-23 02:45:33 --> Session: Class initialized using 'CodeIgniter\Session\Handlers\FileHandler' driver.
DEBUG - 2025-05-23 02:45:41 --> Session: Class initialized using 'CodeIgniter\Session\Handlers\FileHandler' driver.
DEBUG - 2025-05-23 02:45:46 --> Session: Class initialized using 'CodeIgniter\Session\Handlers\FileHandler' driver.
DEBUG - 2025-05-23 02:57:06 --> Session: Class initialized using 'CodeIgniter\Session\Handlers\FileHandler' driver.
DEBUG - 2025-05-23 02:57:23 --> Session: Class initialized using 'CodeIgniter\Session\Handlers\FileHandler' driver.
DEBUG - 2025-05-23 02:57:34 --> Session: Class initialized using 'CodeIgniter\Session\Handlers\FileHandler' driver.
DEBUG - 2025-05-23 02:57:53 --> Session: Class initialized using 'CodeIgniter\Session\Handlers\FileHandler' driver.
DEBUG - 2025-05-23 02:58:20 --> Session: Class initialized using 'CodeIgniter\Session\Handlers\FileHandler' driver.
DEBUG - 2025-05-23 02:58:27 --> Session: Class initialized using 'CodeIgniter\Session\Handlers\FileHandler' driver.
DEBUG - 2025-05-23 02:59:08 --> Session: Class initialized using 'CodeIgniter\Session\Handlers\FileHandler' driver.
DEBUG - 2025-05-23 02:59:38 --> Session: Class initialized using 'CodeIgniter\Session\Handlers\FileHandler' driver.
DEBUG - 2025-05-23 02:59:39 --> Session: Class initialized using 'CodeIgniter\Session\Handlers\FileHandler' driver.
DEBUG - 2025-05-23 02:59:42 --> Session: Class initialized using 'CodeIgniter\Session\Handlers\FileHandler' driver.
DEBUG - 2025-05-23 02:59:56 --> Session: Class initialized using 'CodeIgniter\Session\Handlers\FileHandler' driver.
DEBUG - 2025-05-23 02:59:57 --> Session: Class initialized using 'CodeIgniter\Session\Handlers\FileHandler' driver.
DEBUG - 2025-05-23 03:00:37 --> Session: Class initialized using 'CodeIgniter\Session\Handlers\FileHandler' driver.
DEBUG - 2025-05-23 03:00:38 --> Session: Class initialized using 'CodeIgniter\Session\Handlers\FileHandler' driver.
DEBUG - 2025-05-23 03:00:39 --> Session: Class initialized using 'CodeIgniter\Session\Handlers\FileHandler' driver.
DEBUG - 2025-05-23 03:01:15 --> Session: Class initialized using 'CodeIgniter\Session\Handlers\FileHandler' driver.
DEBUG - 2025-05-23 03:02:57 --> Session: Class initialized using 'CodeIgniter\Session\Handlers\FileHandler' driver.
DEBUG - 2025-05-23 03:03:46 --> Session: Class initialized using 'CodeIgniter\Session\Handlers\FileHandler' driver.
DEBUG - 2025-05-23 03:04:05 --> Session: Class initialized using 'CodeIgniter\Session\Handlers\FileHandler' driver.
DEBUG - 2025-05-23 03:04:05 --> Session: Class initialized using 'CodeIgniter\Session\Handlers\FileHandler' driver.
DEBUG - 2025-05-23 03:04:23 --> Session: Class initialized using 'CodeIgniter\Session\Handlers\FileHandler' driver.
DEBUG - 2025-05-23 03:06:10 --> Session: Class initialized using 'CodeIgniter\Session\Handlers\FileHandler' driver.
DEBUG - 2025-05-23 03:06:26 --> Session: Class initialized using 'CodeIgniter\Session\Handlers\FileHandler' driver.
DEBUG - 2025-05-23 03:06:41 --> Session: Class initialized using 'CodeIgniter\Session\Handlers\FileHandler' driver.
DEBUG - 2025-05-23 03:06:55 --> Session: Class initialized using 'CodeIgniter\Session\Handlers\FileHandler' driver.
DEBUG - 2025-05-23 03:07:16 --> Session: Class initialized using 'CodeIgniter\Session\Handlers\FileHandler' driver.
DEBUG - 2025-05-23 03:08:34 --> Session: Class initialized using 'CodeIgniter\Session\Handlers\FileHandler' driver.
DEBUG - 2025-05-23 03:09:26 --> Session: Class initialized using 'CodeIgniter\Session\Handlers\FileHandler' driver.
DEBUG - 2025-05-23 03:09:43 --> Session: Class initialized using 'CodeIgniter\Session\Handlers\FileHandler' driver.
DEBUG - 2025-05-23 03:10:05 --> Session: Class initialized using 'CodeIgniter\Session\Handlers\FileHandler' driver.
DEBUG - 2025-05-23 03:10:16 --> Session: Class initialized using 'CodeIgniter\Session\Handlers\FileHandler' driver.
DEBUG - 2025-05-23 03:13:47 --> Session: Class initialized using 'CodeIgniter\Session\Handlers\FileHandler' driver.
DEBUG - 2025-05-23 03:13:47 --> Session: Class initialized using 'CodeIgniter\Session\Handlers\FileHandler' driver.
DEBUG - 2025-05-23 03:13:51 --> Session: Class initialized using 'CodeIgniter\Session\Handlers\FileHandler' driver.
DEBUG - 2025-05-23 03:13:53 --> Session: Class initialized using 'CodeIgniter\Session\Handlers\FileHandler' driver.
DEBUG - 2025-05-23 03:13:55 --> Session: Class initialized using 'CodeIgniter\Session\Handlers\FileHandler' driver.
DEBUG - 2025-05-23 03:15:39 --> Session: Class initialized using 'CodeIgniter\Session\Handlers\FileHandler' driver.
DEBUG - 2025-05-23 03:16:19 --> Session: Class initialized using 'CodeIgniter\Session\Handlers\FileHandler' driver.
DEBUG - 2025-05-23 03:16:50 --> Session: Class initialized using 'CodeIgniter\Session\Handlers\FileHandler' driver.
DEBUG - 2025-05-23 03:16:53 --> Session: Class initialized using 'CodeIgniter\Session\Handlers\FileHandler' driver.
DEBUG - 2025-05-23 03:17:15 --> Session: Class initialized using 'CodeIgniter\Session\Handlers\FileHandler' driver.
DEBUG - 2025-05-23 03:17:34 --> Session: Class initialized using 'CodeIgniter\Session\Handlers\FileHandler' driver.
CRITICAL - 2025-05-23 03:17:34 --> ErrorException: Undefined variable $sekolah
[Method: GET, Route: admin_pegawai/create]
in APPPATH\Views\admin\kepegawaian\pegawai\c_pegawai.php on line 61.
 1 APPPATH\Views\admin\kepegawaian\pegawai\c_pegawai.php(61): CodeIgniter\Debug\Exceptions->errorHandler(2, 'Undefined variable $sekolah', 'D:\\laragon\\www\\app_sekolah_muhammadiyah\\app\\Views\\admin\\kepegawaian\\pegawai\\c_pegawai.php', 61)
 2 SYSTEMPATH\View\View.php(224): include('D:\\laragon\\www\\app_sekolah_muhammadiyah\\app\\Views\\admin\\kepegawaian\\pegawai\\c_pegawai.php')
 3 SYSTEMPATH\View\View.php(227): CodeIgniter\View\View->CodeIgniter\View\{closure}()
 4 SYSTEMPATH\Common.php(1173): CodeIgniter\View\View->render('admin/kepegawaian/pegawai/c_pegawai', [], true)
 5 APPPATH\Controllers\Admin_pegawai.php(27): view('admin/kepegawaian/pegawai/c_pegawai', [...])
 6 SYSTEMPATH\CodeIgniter.php(933): App\Controllers\Admin_pegawai->create()
 7 SYSTEMPATH\CodeIgniter.php(507): CodeIgniter\CodeIgniter->runController(Object(App\Controllers\Admin_pegawai))
 8 SYSTEMPATH\CodeIgniter.php(354): CodeIgniter\CodeIgniter->handleRequest(null, Object(Config\Cache), false)
 9 SYSTEMPATH\Boot.php(334): CodeIgniter\CodeIgniter->run()
10 SYSTEMPATH\Boot.php(67): CodeIgniter\Boot::runCodeIgniter(Object(CodeIgniter\CodeIgniter))
11 FCPATH\index.php(59): CodeIgniter\Boot::bootWeb(Object(Config\Paths))
12 SYSTEMPATH\rewrite.php(44): require_once('D:\\laragon\\www\\app_sekolah_muhammadiyah\\public\\index.php')
DEBUG - 2025-05-23 03:17:53 --> Session: Class initialized using 'CodeIgniter\Session\Handlers\FileHandler' driver.
DEBUG - 2025-05-23 03:18:14 --> Session: Class initialized using 'CodeIgniter\Session\Handlers\FileHandler' driver.
DEBUG - 2025-05-23 03:19:00 --> Session: Class initialized using 'CodeIgniter\Session\Handlers\FileHandler' driver.
DEBUG - 2025-05-23 03:19:12 --> Session: Class initialized using 'CodeIgniter\Session\Handlers\FileHandler' driver.
DEBUG - 2025-05-23 03:19:13 --> Session: Class initialized using 'CodeIgniter\Session\Handlers\FileHandler' driver.
DEBUG - 2025-05-23 03:19:45 --> Session: Class initialized using 'CodeIgniter\Session\Handlers\FileHandler' driver.
DEBUG - 2025-05-23 03:19:55 --> Session: Class initialized using 'CodeIgniter\Session\Handlers\FileHandler' driver.
DEBUG - 2025-05-23 03:20:06 --> Session: Class initialized using 'CodeIgniter\Session\Handlers\FileHandler' driver.
DEBUG - 2025-05-23 03:20:22 --> Session: Class initialized using 'CodeIgniter\Session\Handlers\FileHandler' driver.
DEBUG - 2025-05-23 03:21:05 --> Session: Class initialized using 'CodeIgniter\Session\Handlers\FileHandler' driver.
DEBUG - 2025-05-23 03:21:47 --> Session: Class initialized using 'CodeIgniter\Session\Handlers\FileHandler' driver.
DEBUG - 2025-05-23 03:23:07 --> Session: Class initialized using 'CodeIgniter\Session\Handlers\FileHandler' driver.
DEBUG - 2025-05-23 03:24:30 --> Session: Class initialized using 'CodeIgniter\Session\Handlers\FileHandler' driver.
DEBUG - 2025-05-23 03:24:57 --> Session: Class initialized using 'CodeIgniter\Session\Handlers\FileHandler' driver.
DEBUG - 2025-05-23 03:25:32 --> Session: Class initialized using 'CodeIgniter\Session\Handlers\FileHandler' driver.
DEBUG - 2025-05-23 03:25:52 --> Session: Class initialized using 'CodeIgniter\Session\Handlers\FileHandler' driver.
DEBUG - 2025-05-23 03:26:50 --> Session: Class initialized using 'CodeIgniter\Session\Handlers\FileHandler' driver.
DEBUG - 2025-05-23 03:27:56 --> Session: Class initialized using 'CodeIgniter\Session\Handlers\FileHandler' driver.
DEBUG - 2025-05-23 03:29:52 --> Session: Class initialized using 'CodeIgniter\Session\Handlers\FileHandler' driver.
DEBUG - 2025-05-23 03:30:45 --> Session: Class initialized using 'CodeIgniter\Session\Handlers\FileHandler' driver.
DEBUG - 2025-05-23 03:31:33 --> Session: Class initialized using 'CodeIgniter\Session\Handlers\FileHandler' driver.
DEBUG - 2025-05-23 03:36:41 --> Session: Class initialized using 'CodeIgniter\Session\Handlers\FileHandler' driver.
DEBUG - 2025-05-23 03:38:06 --> Session: Class initialized using 'CodeIgniter\Session\Handlers\FileHandler' driver.
DEBUG - 2025-05-23 03:45:27 --> Session: Class initialized using 'CodeIgniter\Session\Handlers\FileHandler' driver.
DEBUG - 2025-05-23 03:48:28 --> Session: Class initialized using 'CodeIgniter\Session\Handlers\FileHandler' driver.
DEBUG - 2025-05-23 03:48:36 --> Session: Class initialized using 'CodeIgniter\Session\Handlers\FileHandler' driver.
DEBUG - 2025-05-23 03:51:06 --> Session: Class initialized using 'CodeIgniter\Session\Handlers\FileHandler' driver.
DEBUG - 2025-05-23 03:51:44 --> Session: Class initialized using 'CodeIgniter\Session\Handlers\FileHandler' driver.
DEBUG - 2025-05-23 03:52:44 --> Session: Class initialized using 'CodeIgniter\Session\Handlers\FileHandler' driver.
DEBUG - 2025-05-23 03:52:52 --> Session: Class initialized using 'CodeIgniter\Session\Handlers\FileHandler' driver.
DEBUG - 2025-05-23 03:54:44 --> Session: Class initialized using 'CodeIgniter\Session\Handlers\FileHandler' driver.
DEBUG - 2025-05-23 03:55:37 --> Session: Class initialized using 'CodeIgniter\Session\Handlers\FileHandler' driver.
DEBUG - 2025-05-23 03:56:52 --> Session: Class initialized using 'CodeIgniter\Session\Handlers\FileHandler' driver.
DEBUG - 2025-05-23 03:58:12 --> Session: Class initialized using 'CodeIgniter\Session\Handlers\FileHandler' driver.
DEBUG - 2025-05-23 03:59:49 --> Session: Class initialized using 'CodeIgniter\Session\Handlers\FileHandler' driver.
DEBUG - 2025-05-23 04:00:34 --> Session: Class initialized using 'CodeIgniter\Session\Handlers\FileHandler' driver.
DEBUG - 2025-05-23 04:03:28 --> Session: Class initialized using 'CodeIgniter\Session\Handlers\FileHandler' driver.
DEBUG - 2025-05-23 04:04:04 --> Session: Class initialized using 'CodeIgniter\Session\Handlers\FileHandler' driver.
DEBUG - 2025-05-23 04:04:35 --> Session: Class initialized using 'CodeIgniter\Session\Handlers\FileHandler' driver.
DEBUG - 2025-05-23 04:04:46 --> Session: Class initialized using 'CodeIgniter\Session\Handlers\FileHandler' driver.
DEBUG - 2025-05-23 04:04:56 --> Session: Class initialized using 'CodeIgniter\Session\Handlers\FileHandler' driver.
DEBUG - 2025-05-23 04:05:00 --> Session: Class initialized using 'CodeIgniter\Session\Handlers\FileHandler' driver.
DEBUG - 2025-05-23 04:05:10 --> Session: Class initialized using 'CodeIgniter\Session\Handlers\FileHandler' driver.
DEBUG - 2025-05-23 04:05:22 --> Session: Class initialized using 'CodeIgniter\Session\Handlers\FileHandler' driver.
DEBUG - 2025-05-23 04:05:32 --> Session: Class initialized using 'CodeIgniter\Session\Handlers\FileHandler' driver.
DEBUG - 2025-05-23 04:06:31 --> Session: Class initialized using 'CodeIgniter\Session\Handlers\FileHandler' driver.
DEBUG - 2025-05-23 04:06:33 --> Session: Class initialized using 'CodeIgniter\Session\Handlers\FileHandler' driver.
DEBUG - 2025-05-23 04:06:35 --> Session: Class initialized using 'CodeIgniter\Session\Handlers\FileHandler' driver.
DEBUG - 2025-05-23 04:08:58 --> Session: Class initialized using 'CodeIgniter\Session\Handlers\FileHandler' driver.
DEBUG - 2025-05-23 04:09:09 --> Session: Class initialized using 'CodeIgniter\Session\Handlers\FileHandler' driver.
DEBUG - 2025-05-23 04:09:14 --> Session: Class initialized using 'CodeIgniter\Session\Handlers\FileHandler' driver.
DEBUG - 2025-05-23 04:09:37 --> Session: Class initialized using 'CodeIgniter\Session\Handlers\FileHandler' driver.
DEBUG - 2025-05-23 04:09:39 --> Session: Class initialized using 'CodeIgniter\Session\Handlers\FileHandler' driver.
DEBUG - 2025-05-23 04:09:59 --> Session: Class initialized using 'CodeIgniter\Session\Handlers\FileHandler' driver.
DEBUG - 2025-05-23 04:10:03 --> Session: Class initialized using 'CodeIgniter\Session\Handlers\FileHandler' driver.
DEBUG - 2025-05-23 04:54:32 --> Session: Class initialized using 'CodeIgniter\Session\Handlers\FileHandler' driver.
DEBUG - 2025-05-23 04:54:36 --> Session: Class initialized using 'CodeIgniter\Session\Handlers\FileHandler' driver.
DEBUG - 2025-05-23 04:54:41 --> Session: Class initialized using 'CodeIgniter\Session\Handlers\FileHandler' driver.
DEBUG - 2025-05-23 04:54:43 --> Session: Class initialized using 'CodeIgniter\Session\Handlers\FileHandler' driver.
DEBUG - 2025-05-23 04:54:45 --> Session: Class initialized using 'CodeIgniter\Session\Handlers\FileHandler' driver.
DEBUG - 2025-05-23 04:54:46 --> Session: Class initialized using 'CodeIgniter\Session\Handlers\FileHandler' driver.
DEBUG - 2025-05-23 04:54:47 --> Session: Class initialized using 'CodeIgniter\Session\Handlers\FileHandler' driver.
DEBUG - 2025-05-23 06:49:48 --> Session: Class initialized using 'CodeIgniter\Session\Handlers\FileHandler' driver.
DEBUG - 2025-05-23 06:50:01 --> Session: Class initialized using 'CodeIgniter\Session\Handlers\FileHandler' driver.
DEBUG - 2025-05-23 06:50:11 --> Session: Class initialized using 'CodeIgniter\Session\Handlers\FileHandler' driver.
DEBUG - 2025-05-23 06:50:14 --> Session: Class initialized using 'CodeIgniter\Session\Handlers\FileHandler' driver.
DEBUG - 2025-05-23 06:50:19 --> Session: Class initialized using 'CodeIgniter\Session\Handlers\FileHandler' driver.
DEBUG - 2025-05-23 06:50:28 --> Session: Class initialized using 'CodeIgniter\Session\Handlers\FileHandler' driver.
DEBUG - 2025-05-23 06:55:00 --> Session: Class initialized using 'CodeIgniter\Session\Handlers\FileHandler' driver.
DEBUG - 2025-05-23 06:55:28 --> Session: Class initialized using 'CodeIgniter\Session\Handlers\FileHandler' driver.
DEBUG - 2025-05-23 06:55:30 --> Session: Class initialized using 'CodeIgniter\Session\Handlers\FileHandler' driver.
DEBUG - 2025-05-23 06:59:42 --> Session: Class initialized using 'CodeIgniter\Session\Handlers\FileHandler' driver.
DEBUG - 2025-05-23 06:59:44 --> Session: Class initialized using 'CodeIgniter\Session\Handlers\FileHandler' driver.
DEBUG - 2025-05-23 07:00:14 --> Session: Class initialized using 'CodeIgniter\Session\Handlers\FileHandler' driver.
DEBUG - 2025-05-23 07:00:55 --> Session: Class initialized using 'CodeIgniter\Session\Handlers\FileHandler' driver.
DEBUG - 2025-05-23 07:00:58 --> Session: Class initialized using 'CodeIgniter\Session\Handlers\FileHandler' driver.
DEBUG - 2025-05-23 07:01:01 --> Session: Class initialized using 'CodeIgniter\Session\Handlers\FileHandler' driver.
DEBUG - 2025-05-23 07:01:37 --> Session: Class initialized using 'CodeIgniter\Session\Handlers\FileHandler' driver.
DEBUG - 2025-05-23 07:01:53 --> Session: Class initialized using 'CodeIgniter\Session\Handlers\FileHandler' driver.
DEBUG - 2025-05-23 07:01:53 --> Session: Class initialized using 'CodeIgniter\Session\Handlers\FileHandler' driver.
DEBUG - 2025-05-23 07:02:07 --> Session: Class initialized using 'CodeIgniter\Session\Handlers\FileHandler' driver.
DEBUG - 2025-05-23 07:02:37 --> Session: Class initialized using 'CodeIgniter\Session\Handlers\FileHandler' driver.
DEBUG - 2025-05-23 07:02:59 --> Session: Class initialized using 'CodeIgniter\Session\Handlers\FileHandler' driver.
DEBUG - 2025-05-23 07:03:01 --> Session: Class initialized using 'CodeIgniter\Session\Handlers\FileHandler' driver.
DEBUG - 2025-05-23 07:03:06 --> Session: Class initialized using 'CodeIgniter\Session\Handlers\FileHandler' driver.
DEBUG - 2025-05-23 07:16:03 --> Session: Class initialized using 'CodeIgniter\Session\Handlers\FileHandler' driver.
DEBUG - 2025-05-23 07:16:03 --> Session: Class initialized using 'CodeIgniter\Session\Handlers\FileHandler' driver.
DEBUG - 2025-05-23 07:16:11 --> Session: Class initialized using 'CodeIgniter\Session\Handlers\FileHandler' driver.
DEBUG - 2025-05-23 07:16:11 --> Session: Class initialized using 'CodeIgniter\Session\Handlers\FileHandler' driver.
DEBUG - 2025-05-23 07:16:16 --> Session: Class initialized using 'CodeIgniter\Session\Handlers\FileHandler' driver.
DEBUG - 2025-05-23 07:16:16 --> Session: Class initialized using 'CodeIgniter\Session\Handlers\FileHandler' driver.
DEBUG - 2025-05-23 07:16:19 --> Session: Class initialized using 'CodeIgniter\Session\Handlers\FileHandler' driver.
DEBUG - 2025-05-23 07:16:41 --> Session: Class initialized using 'CodeIgniter\Session\Handlers\FileHandler' driver.
DEBUG - 2025-05-23 07:16:46 --> Session: Class initialized using 'CodeIgniter\Session\Handlers\FileHandler' driver.
DEBUG - 2025-05-23 07:17:52 --> Session: Class initialized using 'CodeIgniter\Session\Handlers\FileHandler' driver.
DEBUG - 2025-05-23 07:17:55 --> Session: Class initialized using 'CodeIgniter\Session\Handlers\FileHandler' driver.
DEBUG - 2025-05-23 07:18:05 --> Session: Class initialized using 'CodeIgniter\Session\Handlers\FileHandler' driver.
DEBUG - 2025-05-23 07:18:07 --> Session: Class initialized using 'CodeIgniter\Session\Handlers\FileHandler' driver.
DEBUG - 2025-05-23 07:18:46 --> Session: Class initialized using 'CodeIgniter\Session\Handlers\FileHandler' driver.
DEBUG - 2025-05-23 07:18:49 --> Session: Class initialized using 'CodeIgniter\Session\Handlers\FileHandler' driver.
DEBUG - 2025-05-23 07:19:07 --> Session: Class initialized using 'CodeIgniter\Session\Handlers\FileHandler' driver.
DEBUG - 2025-05-23 07:20:12 --> Session: Class initialized using 'CodeIgniter\Session\Handlers\FileHandler' driver.
DEBUG - 2025-05-23 07:20:29 --> Session: Class initialized using 'CodeIgniter\Session\Handlers\FileHandler' driver.
DEBUG - 2025-05-23 07:20:37 --> Session: Class initialized using 'CodeIgniter\Session\Handlers\FileHandler' driver.
DEBUG - 2025-05-23 07:20:40 --> Session: Class initialized using 'CodeIgniter\Session\Handlers\FileHandler' driver.
DEBUG - 2025-05-23 07:20:41 --> Session: Class initialized using 'CodeIgniter\Session\Handlers\FileHandler' driver.
DEBUG - 2025-05-23 07:51:51 --> Session: Class initialized using 'CodeIgniter\Session\Handlers\FileHandler' driver.
DEBUG - 2025-05-23 07:51:52 --> Session: Class initialized using 'CodeIgniter\Session\Handlers\FileHandler' driver.
DEBUG - 2025-05-23 07:51:53 --> Session: Class initialized using 'CodeIgniter\Session\Handlers\FileHandler' driver.
DEBUG - 2025-05-23 07:52:13 --> Session: Class initialized using 'CodeIgniter\Session\Handlers\FileHandler' driver.
DEBUG - 2025-05-23 07:52:13 --> Session: Class initialized using 'CodeIgniter\Session\Handlers\FileHandler' driver.
DEBUG - 2025-05-23 07:52:16 --> Session: Class initialized using 'CodeIgniter\Session\Handlers\FileHandler' driver.
DEBUG - 2025-05-23 07:52:19 --> Session: Class initialized using 'CodeIgniter\Session\Handlers\FileHandler' driver.
WARNING - 2025-05-23 07:52:19 --> [DEPRECATED] Creation of dynamic property App\Controllers\Admin_jabatan::$map is deprecated in APPPATH\Controllers\Admin_jabatan.php on line 17.
 1 SYSTEMPATH\CodeIgniter.php(903): App\Controllers\Admin_jabatan->__construct()
 2 SYSTEMPATH\CodeIgniter.php(498): CodeIgniter\CodeIgniter->createController()
 3 SYSTEMPATH\CodeIgniter.php(354): CodeIgniter\CodeIgniter->handleRequest(null, Object(Config\Cache), false)
 4 SYSTEMPATH\Boot.php(334): CodeIgniter\CodeIgniter->run()
 5 SYSTEMPATH\Boot.php(67): CodeIgniter\Boot::runCodeIgniter(Object(CodeIgniter\CodeIgniter))
 6 FCPATH\index.php(59): CodeIgniter\Boot::bootWeb(Object(Config\Paths))
 7 SYSTEMPATH\rewrite.php(44): require_once('D:\\wamp64\\www\\app_sekolah_muhammadiyah\\public\\index.php')
CRITICAL - 2025-05-23 07:52:19 --> ErrorException: Undefined array key "bentuk_pendidikan"
[Method: GET, Route: admin_jabatan]
in APPPATH\Views\admin\kepegawaian\jabatan\v_jabatan.php on line 84.
 1 APPPATH\Views\admin\kepegawaian\jabatan\v_jabatan.php(84): CodeIgniter\Debug\Exceptions->errorHandler(2, 'Undefined array key "bentuk_pendidikan"', 'D:\\wamp64\\www\\app_sekolah_muhammadiyah\\app\\Views\\admin\\kepegawaian\\jabatan\\v_jabatan.php', 84)
 2 SYSTEMPATH\View\View.php(224): include('D:\\wamp64\\www\\app_sekolah_muhammadiyah\\app\\Views\\admin\\kepegawaian\\jabatan\\v_jabatan.php')
 3 SYSTEMPATH\View\View.php(227): CodeIgniter\View\View->CodeIgniter\View\{closure}()
 4 SYSTEMPATH\Common.php(1173): CodeIgniter\View\View->render('admin/kepegawaian/jabatan/v_jabatan', [], true)
 5 APPPATH\Controllers\Admin_jabatan.php(29): view('admin/kepegawaian/jabatan/v_jabatan', [...])
 6 SYSTEMPATH\CodeIgniter.php(933): App\Controllers\Admin_jabatan->index()
 7 SYSTEMPATH\CodeIgniter.php(507): CodeIgniter\CodeIgniter->runController(Object(App\Controllers\Admin_jabatan))
 8 SYSTEMPATH\CodeIgniter.php(354): CodeIgniter\CodeIgniter->handleRequest(null, Object(Config\Cache), false)
 9 SYSTEMPATH\Boot.php(334): CodeIgniter\CodeIgniter->run()
10 SYSTEMPATH\Boot.php(67): CodeIgniter\Boot::runCodeIgniter(Object(CodeIgniter\CodeIgniter))
11 FCPATH\index.php(59): CodeIgniter\Boot::bootWeb(Object(Config\Paths))
12 SYSTEMPATH\rewrite.php(44): require_once('D:\\wamp64\\www\\app_sekolah_muhammadiyah\\public\\index.php')
DEBUG - 2025-05-23 07:56:39 --> Session: Class initialized using 'CodeIgniter\Session\Handlers\FileHandler' driver.
DEBUG - 2025-05-23 07:56:41 --> Session: Class initialized using 'CodeIgniter\Session\Handlers\FileHandler' driver.
WARNING - 2025-05-23 07:56:41 --> [DEPRECATED] Creation of dynamic property App\Controllers\Admin_jabatan::$map is deprecated in APPPATH\Controllers\Admin_jabatan.php on line 17.
 1 SYSTEMPATH\CodeIgniter.php(903): App\Controllers\Admin_jabatan->__construct()
 2 SYSTEMPATH\CodeIgniter.php(498): CodeIgniter\CodeIgniter->createController()
 3 SYSTEMPATH\CodeIgniter.php(354): CodeIgniter\CodeIgniter->handleRequest(null, Object(Config\Cache), false)
 4 SYSTEMPATH\Boot.php(334): CodeIgniter\CodeIgniter->run()
 5 SYSTEMPATH\Boot.php(67): CodeIgniter\Boot::runCodeIgniter(Object(CodeIgniter\CodeIgniter))
 6 FCPATH\index.php(59): CodeIgniter\Boot::bootWeb(Object(Config\Paths))
 7 SYSTEMPATH\rewrite.php(44): require_once('D:\\wamp64\\www\\app_sekolah_muhammadiyah\\public\\index.php')
CRITICAL - 2025-05-23 07:56:41 --> ErrorException: Undefined array key "bentuk_pendidikan"
[Method: GET, Route: admin_jabatan]
in APPPATH\Views\admin\kepegawaian\jabatan\v_jabatan.php on line 84.
 1 APPPATH\Views\admin\kepegawaian\jabatan\v_jabatan.php(84): CodeIgniter\Debug\Exceptions->errorHandler(2, 'Undefined array key "bentuk_pendidikan"', 'D:\\wamp64\\www\\app_sekolah_muhammadiyah\\app\\Views\\admin\\kepegawaian\\jabatan\\v_jabatan.php', 84)
 2 SYSTEMPATH\View\View.php(224): include('D:\\wamp64\\www\\app_sekolah_muhammadiyah\\app\\Views\\admin\\kepegawaian\\jabatan\\v_jabatan.php')
 3 SYSTEMPATH\View\View.php(227): CodeIgniter\View\View->CodeIgniter\View\{closure}()
 4 SYSTEMPATH\Common.php(1173): CodeIgniter\View\View->render('admin/kepegawaian/jabatan/v_jabatan', [], true)
 5 APPPATH\Controllers\Admin_jabatan.php(29): view('admin/kepegawaian/jabatan/v_jabatan', [...])
 6 SYSTEMPATH\CodeIgniter.php(933): App\Controllers\Admin_jabatan->index()
 7 SYSTEMPATH\CodeIgniter.php(507): CodeIgniter\CodeIgniter->runController(Object(App\Controllers\Admin_jabatan))
 8 SYSTEMPATH\CodeIgniter.php(354): CodeIgniter\CodeIgniter->handleRequest(null, Object(Config\Cache), false)
 9 SYSTEMPATH\Boot.php(334): CodeIgniter\CodeIgniter->run()
10 SYSTEMPATH\Boot.php(67): CodeIgniter\Boot::runCodeIgniter(Object(CodeIgniter\CodeIgniter))
11 FCPATH\index.php(59): CodeIgniter\Boot::bootWeb(Object(Config\Paths))
12 SYSTEMPATH\rewrite.php(44): require_once('D:\\wamp64\\www\\app_sekolah_muhammadiyah\\public\\index.php')
DEBUG - 2025-05-23 07:57:53 --> Session: Class initialized using 'CodeIgniter\Session\Handlers\FileHandler' driver.
WARNING - 2025-05-23 07:57:53 --> [DEPRECATED] Creation of dynamic property App\Controllers\Admin_jabatan::$map is deprecated in APPPATH\Controllers\Admin_jabatan.php on line 17.
 1 SYSTEMPATH\CodeIgniter.php(903): App\Controllers\Admin_jabatan->__construct()
 2 SYSTEMPATH\CodeIgniter.php(498): CodeIgniter\CodeIgniter->createController()
 3 SYSTEMPATH\CodeIgniter.php(354): CodeIgniter\CodeIgniter->handleRequest(null, Object(Config\Cache), false)
 4 SYSTEMPATH\Boot.php(334): CodeIgniter\CodeIgniter->run()
 5 SYSTEMPATH\Boot.php(67): CodeIgniter\Boot::runCodeIgniter(Object(CodeIgniter\CodeIgniter))
 6 FCPATH\index.php(59): CodeIgniter\Boot::bootWeb(Object(Config\Paths))
 7 SYSTEMPATH\rewrite.php(44): require_once('D:\\wamp64\\www\\app_sekolah_muhammadiyah\\public\\index.php')
CRITICAL - 2025-05-23 07:57:53 --> ErrorException: Undefined array key "bentuk_pendidikan"
[Method: GET, Route: admin_jabatan]
in APPPATH\Views\admin\kepegawaian\jabatan\v_jabatan.php on line 84.
 1 APPPATH\Views\admin\kepegawaian\jabatan\v_jabatan.php(84): CodeIgniter\Debug\Exceptions->errorHandler(2, 'Undefined array key "bentuk_pendidikan"', 'D:\\wamp64\\www\\app_sekolah_muhammadiyah\\app\\Views\\admin\\kepegawaian\\jabatan\\v_jabatan.php', 84)
 2 SYSTEMPATH\View\View.php(224): include('D:\\wamp64\\www\\app_sekolah_muhammadiyah\\app\\Views\\admin\\kepegawaian\\jabatan\\v_jabatan.php')
 3 SYSTEMPATH\View\View.php(227): CodeIgniter\View\View->CodeIgniter\View\{closure}()
 4 SYSTEMPATH\Common.php(1173): CodeIgniter\View\View->render('admin/kepegawaian/jabatan/v_jabatan', [], true)
 5 APPPATH\Controllers\Admin_jabatan.php(29): view('admin/kepegawaian/jabatan/v_jabatan', [...])
 6 SYSTEMPATH\CodeIgniter.php(933): App\Controllers\Admin_jabatan->index()
 7 SYSTEMPATH\CodeIgniter.php(507): CodeIgniter\CodeIgniter->runController(Object(App\Controllers\Admin_jabatan))
 8 SYSTEMPATH\CodeIgniter.php(354): CodeIgniter\CodeIgniter->handleRequest(null, Object(Config\Cache), false)
 9 SYSTEMPATH\Boot.php(334): CodeIgniter\CodeIgniter->run()
10 SYSTEMPATH\Boot.php(67): CodeIgniter\Boot::runCodeIgniter(Object(CodeIgniter\CodeIgniter))
11 FCPATH\index.php(59): CodeIgniter\Boot::bootWeb(Object(Config\Paths))
12 SYSTEMPATH\rewrite.php(44): require_once('D:\\wamp64\\www\\app_sekolah_muhammadiyah\\public\\index.php')
DEBUG - 2025-05-23 07:57:54 --> Session: Class initialized using 'CodeIgniter\Session\Handlers\FileHandler' driver.
DEBUG - 2025-05-23 07:57:56 --> Session: Class initialized using 'CodeIgniter\Session\Handlers\FileHandler' driver.
DEBUG - 2025-05-23 07:57:57 --> Session: Class initialized using 'CodeIgniter\Session\Handlers\FileHandler' driver.
DEBUG - 2025-05-23 07:58:42 --> Session: Class initialized using 'CodeIgniter\Session\Handlers\FileHandler' driver.
DEBUG - 2025-05-23 07:58:44 --> Session: Class initialized using 'CodeIgniter\Session\Handlers\FileHandler' driver.
DEBUG - 2025-05-23 07:59:34 --> Session: Class initialized using 'CodeIgniter\Session\Handlers\FileHandler' driver.
DEBUG - 2025-05-23 07:59:36 --> Session: Class initialized using 'CodeIgniter\Session\Handlers\FileHandler' driver.
WARNING - 2025-05-23 07:59:36 --> [DEPRECATED] Creation of dynamic property App\Controllers\Admin_jabatan::$map is deprecated in APPPATH\Controllers\Admin_jabatan.php on line 17.
 1 SYSTEMPATH\CodeIgniter.php(903): App\Controllers\Admin_jabatan->__construct()
 2 SYSTEMPATH\CodeIgniter.php(498): CodeIgniter\CodeIgniter->createController()
 3 SYSTEMPATH\CodeIgniter.php(354): CodeIgniter\CodeIgniter->handleRequest(null, Object(Config\Cache), false)
 4 SYSTEMPATH\Boot.php(334): CodeIgniter\CodeIgniter->run()
 5 SYSTEMPATH\Boot.php(67): CodeIgniter\Boot::runCodeIgniter(Object(CodeIgniter\CodeIgniter))
 6 FCPATH\index.php(59): CodeIgniter\Boot::bootWeb(Object(Config\Paths))
 7 SYSTEMPATH\rewrite.php(44): require_once('D:\\wamp64\\www\\app_sekolah_muhammadiyah\\public\\index.php')
CRITICAL - 2025-05-23 07:59:36 --> ErrorException: Undefined array key "bentuk_pendidikan"
[Method: GET, Route: admin_jabatan]
in APPPATH\Views\admin\kepegawaian\jabatan\v_jabatan.php on line 84.
 1 APPPATH\Views\admin\kepegawaian\jabatan\v_jabatan.php(84): CodeIgniter\Debug\Exceptions->errorHandler(2, 'Undefined array key "bentuk_pendidikan"', 'D:\\wamp64\\www\\app_sekolah_muhammadiyah\\app\\Views\\admin\\kepegawaian\\jabatan\\v_jabatan.php', 84)
 2 SYSTEMPATH\View\View.php(224): include('D:\\wamp64\\www\\app_sekolah_muhammadiyah\\app\\Views\\admin\\kepegawaian\\jabatan\\v_jabatan.php')
 3 SYSTEMPATH\View\View.php(227): CodeIgniter\View\View->CodeIgniter\View\{closure}()
 4 SYSTEMPATH\Common.php(1173): CodeIgniter\View\View->render('admin/kepegawaian/jabatan/v_jabatan', [], true)
 5 APPPATH\Controllers\Admin_jabatan.php(29): view('admin/kepegawaian/jabatan/v_jabatan', [...])
 6 SYSTEMPATH\CodeIgniter.php(933): App\Controllers\Admin_jabatan->index()
 7 SYSTEMPATH\CodeIgniter.php(507): CodeIgniter\CodeIgniter->runController(Object(App\Controllers\Admin_jabatan))
 8 SYSTEMPATH\CodeIgniter.php(354): CodeIgniter\CodeIgniter->handleRequest(null, Object(Config\Cache), false)
 9 SYSTEMPATH\Boot.php(334): CodeIgniter\CodeIgniter->run()
10 SYSTEMPATH\Boot.php(67): CodeIgniter\Boot::runCodeIgniter(Object(CodeIgniter\CodeIgniter))
11 FCPATH\index.php(59): CodeIgniter\Boot::bootWeb(Object(Config\Paths))
12 SYSTEMPATH\rewrite.php(44): require_once('D:\\wamp64\\www\\app_sekolah_muhammadiyah\\public\\index.php')
DEBUG - 2025-05-23 08:01:15 --> Session: Class initialized using 'CodeIgniter\Session\Handlers\FileHandler' driver.
WARNING - 2025-05-23 08:01:15 --> [DEPRECATED] Creation of dynamic property App\Controllers\Admin_jabatan::$map is deprecated in APPPATH\Controllers\Admin_jabatan.php on line 17.
 1 SYSTEMPATH\CodeIgniter.php(903): App\Controllers\Admin_jabatan->__construct()
 2 SYSTEMPATH\CodeIgniter.php(498): CodeIgniter\CodeIgniter->createController()
 3 SYSTEMPATH\CodeIgniter.php(354): CodeIgniter\CodeIgniter->handleRequest(null, Object(Config\Cache), false)
 4 SYSTEMPATH\Boot.php(334): CodeIgniter\CodeIgniter->run()
 5 SYSTEMPATH\Boot.php(67): CodeIgniter\Boot::runCodeIgniter(Object(CodeIgniter\CodeIgniter))
 6 FCPATH\index.php(59): CodeIgniter\Boot::bootWeb(Object(Config\Paths))
 7 SYSTEMPATH\rewrite.php(44): require_once('D:\\wamp64\\www\\app_sekolah_muhammadiyah\\public\\index.php')
CRITICAL - 2025-05-23 08:01:15 --> ErrorException: Undefined array key "bentuk_pendidikan"
[Method: GET, Route: admin_jabatan]
in APPPATH\Views\admin\kepegawaian\jabatan\v_jabatan.php on line 84.
 1 APPPATH\Views\admin\kepegawaian\jabatan\v_jabatan.php(84): CodeIgniter\Debug\Exceptions->errorHandler(2, 'Undefined array key "bentuk_pendidikan"', 'D:\\wamp64\\www\\app_sekolah_muhammadiyah\\app\\Views\\admin\\kepegawaian\\jabatan\\v_jabatan.php', 84)
 2 SYSTEMPATH\View\View.php(224): include('D:\\wamp64\\www\\app_sekolah_muhammadiyah\\app\\Views\\admin\\kepegawaian\\jabatan\\v_jabatan.php')
 3 SYSTEMPATH\View\View.php(227): CodeIgniter\View\View->CodeIgniter\View\{closure}()
 4 SYSTEMPATH\Common.php(1173): CodeIgniter\View\View->render('admin/kepegawaian/jabatan/v_jabatan', [], true)
 5 APPPATH\Controllers\Admin_jabatan.php(29): view('admin/kepegawaian/jabatan/v_jabatan', [...])
 6 SYSTEMPATH\CodeIgniter.php(933): App\Controllers\Admin_jabatan->index()
 7 SYSTEMPATH\CodeIgniter.php(507): CodeIgniter\CodeIgniter->runController(Object(App\Controllers\Admin_jabatan))
 8 SYSTEMPATH\CodeIgniter.php(354): CodeIgniter\CodeIgniter->handleRequest(null, Object(Config\Cache), false)
 9 SYSTEMPATH\Boot.php(334): CodeIgniter\CodeIgniter->run()
10 SYSTEMPATH\Boot.php(67): CodeIgniter\Boot::runCodeIgniter(Object(CodeIgniter\CodeIgniter))
11 FCPATH\index.php(59): CodeIgniter\Boot::bootWeb(Object(Config\Paths))
12 SYSTEMPATH\rewrite.php(44): require_once('D:\\wamp64\\www\\app_sekolah_muhammadiyah\\public\\index.php')
DEBUG - 2025-05-23 08:01:18 --> Session: Class initialized using 'CodeIgniter\Session\Handlers\FileHandler' driver.
WARNING - 2025-05-23 08:01:18 --> [DEPRECATED] Creation of dynamic property App\Controllers\Admin_jabatan::$map is deprecated in APPPATH\Controllers\Admin_jabatan.php on line 17.
 1 SYSTEMPATH\CodeIgniter.php(903): App\Controllers\Admin_jabatan->__construct()
 2 SYSTEMPATH\CodeIgniter.php(498): CodeIgniter\CodeIgniter->createController()
 3 SYSTEMPATH\CodeIgniter.php(354): CodeIgniter\CodeIgniter->handleRequest(null, Object(Config\Cache), false)
 4 SYSTEMPATH\Boot.php(334): CodeIgniter\CodeIgniter->run()
 5 SYSTEMPATH\Boot.php(67): CodeIgniter\Boot::runCodeIgniter(Object(CodeIgniter\CodeIgniter))
 6 FCPATH\index.php(59): CodeIgniter\Boot::bootWeb(Object(Config\Paths))
 7 SYSTEMPATH\rewrite.php(44): require_once('D:\\wamp64\\www\\app_sekolah_muhammadiyah\\public\\index.php')
CRITICAL - 2025-05-23 08:01:18 --> ErrorException: Undefined array key "bentuk_pendidikan"
[Method: GET, Route: admin_jabatan]
in APPPATH\Views\admin\kepegawaian\jabatan\v_jabatan.php on line 84.
 1 APPPATH\Views\admin\kepegawaian\jabatan\v_jabatan.php(84): CodeIgniter\Debug\Exceptions->errorHandler(2, 'Undefined array key "bentuk_pendidikan"', 'D:\\wamp64\\www\\app_sekolah_muhammadiyah\\app\\Views\\admin\\kepegawaian\\jabatan\\v_jabatan.php', 84)
 2 SYSTEMPATH\View\View.php(224): include('D:\\wamp64\\www\\app_sekolah_muhammadiyah\\app\\Views\\admin\\kepegawaian\\jabatan\\v_jabatan.php')
 3 SYSTEMPATH\View\View.php(227): CodeIgniter\View\View->CodeIgniter\View\{closure}()
 4 SYSTEMPATH\Common.php(1173): CodeIgniter\View\View->render('admin/kepegawaian/jabatan/v_jabatan', [], true)
 5 APPPATH\Controllers\Admin_jabatan.php(29): view('admin/kepegawaian/jabatan/v_jabatan', [...])
 6 SYSTEMPATH\CodeIgniter.php(933): App\Controllers\Admin_jabatan->index()
 7 SYSTEMPATH\CodeIgniter.php(507): CodeIgniter\CodeIgniter->runController(Object(App\Controllers\Admin_jabatan))
 8 SYSTEMPATH\CodeIgniter.php(354): CodeIgniter\CodeIgniter->handleRequest(null, Object(Config\Cache), false)
 9 SYSTEMPATH\Boot.php(334): CodeIgniter\CodeIgniter->run()
10 SYSTEMPATH\Boot.php(67): CodeIgniter\Boot::runCodeIgniter(Object(CodeIgniter\CodeIgniter))
11 FCPATH\index.php(59): CodeIgniter\Boot::bootWeb(Object(Config\Paths))
12 SYSTEMPATH\rewrite.php(44): require_once('D:\\wamp64\\www\\app_sekolah_muhammadiyah\\public\\index.php')
DEBUG - 2025-05-23 08:01:19 --> Session: Class initialized using 'CodeIgniter\Session\Handlers\FileHandler' driver.
WARNING - 2025-05-23 08:01:19 --> [DEPRECATED] Creation of dynamic property App\Controllers\Admin_jabatan::$map is deprecated in APPPATH\Controllers\Admin_jabatan.php on line 17.
 1 SYSTEMPATH\CodeIgniter.php(903): App\Controllers\Admin_jabatan->__construct()
 2 SYSTEMPATH\CodeIgniter.php(498): CodeIgniter\CodeIgniter->createController()
 3 SYSTEMPATH\CodeIgniter.php(354): CodeIgniter\CodeIgniter->handleRequest(null, Object(Config\Cache), false)
 4 SYSTEMPATH\Boot.php(334): CodeIgniter\CodeIgniter->run()
 5 SYSTEMPATH\Boot.php(67): CodeIgniter\Boot::runCodeIgniter(Object(CodeIgniter\CodeIgniter))
 6 FCPATH\index.php(59): CodeIgniter\Boot::bootWeb(Object(Config\Paths))
 7 SYSTEMPATH\rewrite.php(44): require_once('D:\\wamp64\\www\\app_sekolah_muhammadiyah\\public\\index.php')
CRITICAL - 2025-05-23 08:01:19 --> ErrorException: Undefined array key "bentuk_pendidikan"
[Method: GET, Route: admin_jabatan]
in APPPATH\Views\admin\kepegawaian\jabatan\v_jabatan.php on line 84.
 1 APPPATH\Views\admin\kepegawaian\jabatan\v_jabatan.php(84): CodeIgniter\Debug\Exceptions->errorHandler(2, 'Undefined array key "bentuk_pendidikan"', 'D:\\wamp64\\www\\app_sekolah_muhammadiyah\\app\\Views\\admin\\kepegawaian\\jabatan\\v_jabatan.php', 84)
 2 SYSTEMPATH\View\View.php(224): include('D:\\wamp64\\www\\app_sekolah_muhammadiyah\\app\\Views\\admin\\kepegawaian\\jabatan\\v_jabatan.php')
 3 SYSTEMPATH\View\View.php(227): CodeIgniter\View\View->CodeIgniter\View\{closure}()
 4 SYSTEMPATH\Common.php(1173): CodeIgniter\View\View->render('admin/kepegawaian/jabatan/v_jabatan', [], true)
 5 APPPATH\Controllers\Admin_jabatan.php(29): view('admin/kepegawaian/jabatan/v_jabatan', [...])
 6 SYSTEMPATH\CodeIgniter.php(933): App\Controllers\Admin_jabatan->index()
 7 SYSTEMPATH\CodeIgniter.php(507): CodeIgniter\CodeIgniter->runController(Object(App\Controllers\Admin_jabatan))
 8 SYSTEMPATH\CodeIgniter.php(354): CodeIgniter\CodeIgniter->handleRequest(null, Object(Config\Cache), false)
 9 SYSTEMPATH\Boot.php(334): CodeIgniter\CodeIgniter->run()
10 SYSTEMPATH\Boot.php(67): CodeIgniter\Boot::runCodeIgniter(Object(CodeIgniter\CodeIgniter))
11 FCPATH\index.php(59): CodeIgniter\Boot::bootWeb(Object(Config\Paths))
12 SYSTEMPATH\rewrite.php(44): require_once('D:\\wamp64\\www\\app_sekolah_muhammadiyah\\public\\index.php')
DEBUG - 2025-05-23 08:01:19 --> Session: Class initialized using 'CodeIgniter\Session\Handlers\FileHandler' driver.
WARNING - 2025-05-23 08:01:19 --> [DEPRECATED] Creation of dynamic property App\Controllers\Admin_jabatan::$map is deprecated in APPPATH\Controllers\Admin_jabatan.php on line 17.
 1 SYSTEMPATH\CodeIgniter.php(903): App\Controllers\Admin_jabatan->__construct()
 2 SYSTEMPATH\CodeIgniter.php(498): CodeIgniter\CodeIgniter->createController()
 3 SYSTEMPATH\CodeIgniter.php(354): CodeIgniter\CodeIgniter->handleRequest(null, Object(Config\Cache), false)
 4 SYSTEMPATH\Boot.php(334): CodeIgniter\CodeIgniter->run()
 5 SYSTEMPATH\Boot.php(67): CodeIgniter\Boot::runCodeIgniter(Object(CodeIgniter\CodeIgniter))
 6 FCPATH\index.php(59): CodeIgniter\Boot::bootWeb(Object(Config\Paths))
 7 SYSTEMPATH\rewrite.php(44): require_once('D:\\wamp64\\www\\app_sekolah_muhammadiyah\\public\\index.php')
CRITICAL - 2025-05-23 08:01:19 --> ErrorException: Undefined array key "bentuk_pendidikan"
[Method: GET, Route: admin_jabatan]
in APPPATH\Views\admin\kepegawaian\jabatan\v_jabatan.php on line 84.
 1 APPPATH\Views\admin\kepegawaian\jabatan\v_jabatan.php(84): CodeIgniter\Debug\Exceptions->errorHandler(2, 'Undefined array key "bentuk_pendidikan"', 'D:\\wamp64\\www\\app_sekolah_muhammadiyah\\app\\Views\\admin\\kepegawaian\\jabatan\\v_jabatan.php', 84)
 2 SYSTEMPATH\View\View.php(224): include('D:\\wamp64\\www\\app_sekolah_muhammadiyah\\app\\Views\\admin\\kepegawaian\\jabatan\\v_jabatan.php')
 3 SYSTEMPATH\View\View.php(227): CodeIgniter\View\View->CodeIgniter\View\{closure}()
 4 SYSTEMPATH\Common.php(1173): CodeIgniter\View\View->render('admin/kepegawaian/jabatan/v_jabatan', [], true)
 5 APPPATH\Controllers\Admin_jabatan.php(29): view('admin/kepegawaian/jabatan/v_jabatan', [...])
 6 SYSTEMPATH\CodeIgniter.php(933): App\Controllers\Admin_jabatan->index()
 7 SYSTEMPATH\CodeIgniter.php(507): CodeIgniter\CodeIgniter->runController(Object(App\Controllers\Admin_jabatan))
 8 SYSTEMPATH\CodeIgniter.php(354): CodeIgniter\CodeIgniter->handleRequest(null, Object(Config\Cache), false)
 9 SYSTEMPATH\Boot.php(334): CodeIgniter\CodeIgniter->run()
10 SYSTEMPATH\Boot.php(67): CodeIgniter\Boot::runCodeIgniter(Object(CodeIgniter\CodeIgniter))
11 FCPATH\index.php(59): CodeIgniter\Boot::bootWeb(Object(Config\Paths))
12 SYSTEMPATH\rewrite.php(44): require_once('D:\\wamp64\\www\\app_sekolah_muhammadiyah\\public\\index.php')
DEBUG - 2025-05-23 08:01:19 --> Session: Class initialized using 'CodeIgniter\Session\Handlers\FileHandler' driver.
WARNING - 2025-05-23 08:01:19 --> [DEPRECATED] Creation of dynamic property App\Controllers\Admin_jabatan::$map is deprecated in APPPATH\Controllers\Admin_jabatan.php on line 17.
 1 SYSTEMPATH\CodeIgniter.php(903): App\Controllers\Admin_jabatan->__construct()
 2 SYSTEMPATH\CodeIgniter.php(498): CodeIgniter\CodeIgniter->createController()
 3 SYSTEMPATH\CodeIgniter.php(354): CodeIgniter\CodeIgniter->handleRequest(null, Object(Config\Cache), false)
 4 SYSTEMPATH\Boot.php(334): CodeIgniter\CodeIgniter->run()
 5 SYSTEMPATH\Boot.php(67): CodeIgniter\Boot::runCodeIgniter(Object(CodeIgniter\CodeIgniter))
 6 FCPATH\index.php(59): CodeIgniter\Boot::bootWeb(Object(Config\Paths))
 7 SYSTEMPATH\rewrite.php(44): require_once('D:\\wamp64\\www\\app_sekolah_muhammadiyah\\public\\index.php')
CRITICAL - 2025-05-23 08:01:19 --> ErrorException: Undefined array key "bentuk_pendidikan"
[Method: GET, Route: admin_jabatan]
in APPPATH\Views\admin\kepegawaian\jabatan\v_jabatan.php on line 84.
 1 APPPATH\Views\admin\kepegawaian\jabatan\v_jabatan.php(84): CodeIgniter\Debug\Exceptions->errorHandler(2, 'Undefined array key "bentuk_pendidikan"', 'D:\\wamp64\\www\\app_sekolah_muhammadiyah\\app\\Views\\admin\\kepegawaian\\jabatan\\v_jabatan.php', 84)
 2 SYSTEMPATH\View\View.php(224): include('D:\\wamp64\\www\\app_sekolah_muhammadiyah\\app\\Views\\admin\\kepegawaian\\jabatan\\v_jabatan.php')
 3 SYSTEMPATH\View\View.php(227): CodeIgniter\View\View->CodeIgniter\View\{closure}()
 4 SYSTEMPATH\Common.php(1173): CodeIgniter\View\View->render('admin/kepegawaian/jabatan/v_jabatan', [], true)
 5 APPPATH\Controllers\Admin_jabatan.php(29): view('admin/kepegawaian/jabatan/v_jabatan', [...])
 6 SYSTEMPATH\CodeIgniter.php(933): App\Controllers\Admin_jabatan->index()
 7 SYSTEMPATH\CodeIgniter.php(507): CodeIgniter\CodeIgniter->runController(Object(App\Controllers\Admin_jabatan))
 8 SYSTEMPATH\CodeIgniter.php(354): CodeIgniter\CodeIgniter->handleRequest(null, Object(Config\Cache), false)
 9 SYSTEMPATH\Boot.php(334): CodeIgniter\CodeIgniter->run()
10 SYSTEMPATH\Boot.php(67): CodeIgniter\Boot::runCodeIgniter(Object(CodeIgniter\CodeIgniter))
11 FCPATH\index.php(59): CodeIgniter\Boot::bootWeb(Object(Config\Paths))
12 SYSTEMPATH\rewrite.php(44): require_once('D:\\wamp64\\www\\app_sekolah_muhammadiyah\\public\\index.php')
DEBUG - 2025-05-23 08:01:20 --> Session: Class initialized using 'CodeIgniter\Session\Handlers\FileHandler' driver.
WARNING - 2025-05-23 08:01:20 --> [DEPRECATED] Creation of dynamic property App\Controllers\Admin_jabatan::$map is deprecated in APPPATH\Controllers\Admin_jabatan.php on line 17.
 1 SYSTEMPATH\CodeIgniter.php(903): App\Controllers\Admin_jabatan->__construct()
 2 SYSTEMPATH\CodeIgniter.php(498): CodeIgniter\CodeIgniter->createController()
 3 SYSTEMPATH\CodeIgniter.php(354): CodeIgniter\CodeIgniter->handleRequest(null, Object(Config\Cache), false)
 4 SYSTEMPATH\Boot.php(334): CodeIgniter\CodeIgniter->run()
 5 SYSTEMPATH\Boot.php(67): CodeIgniter\Boot::runCodeIgniter(Object(CodeIgniter\CodeIgniter))
 6 FCPATH\index.php(59): CodeIgniter\Boot::bootWeb(Object(Config\Paths))
 7 SYSTEMPATH\rewrite.php(44): require_once('D:\\wamp64\\www\\app_sekolah_muhammadiyah\\public\\index.php')
CRITICAL - 2025-05-23 08:01:20 --> ErrorException: Undefined array key "bentuk_pendidikan"
[Method: GET, Route: admin_jabatan]
in APPPATH\Views\admin\kepegawaian\jabatan\v_jabatan.php on line 84.
 1 APPPATH\Views\admin\kepegawaian\jabatan\v_jabatan.php(84): CodeIgniter\Debug\Exceptions->errorHandler(2, 'Undefined array key "bentuk_pendidikan"', 'D:\\wamp64\\www\\app_sekolah_muhammadiyah\\app\\Views\\admin\\kepegawaian\\jabatan\\v_jabatan.php', 84)
 2 SYSTEMPATH\View\View.php(224): include('D:\\wamp64\\www\\app_sekolah_muhammadiyah\\app\\Views\\admin\\kepegawaian\\jabatan\\v_jabatan.php')
 3 SYSTEMPATH\View\View.php(227): CodeIgniter\View\View->CodeIgniter\View\{closure}()
 4 SYSTEMPATH\Common.php(1173): CodeIgniter\View\View->render('admin/kepegawaian/jabatan/v_jabatan', [], true)
 5 APPPATH\Controllers\Admin_jabatan.php(29): view('admin/kepegawaian/jabatan/v_jabatan', [...])
 6 SYSTEMPATH\CodeIgniter.php(933): App\Controllers\Admin_jabatan->index()
 7 SYSTEMPATH\CodeIgniter.php(507): CodeIgniter\CodeIgniter->runController(Object(App\Controllers\Admin_jabatan))
 8 SYSTEMPATH\CodeIgniter.php(354): CodeIgniter\CodeIgniter->handleRequest(null, Object(Config\Cache), false)
 9 SYSTEMPATH\Boot.php(334): CodeIgniter\CodeIgniter->run()
10 SYSTEMPATH\Boot.php(67): CodeIgniter\Boot::runCodeIgniter(Object(CodeIgniter\CodeIgniter))
11 FCPATH\index.php(59): CodeIgniter\Boot::bootWeb(Object(Config\Paths))
12 SYSTEMPATH\rewrite.php(44): require_once('D:\\wamp64\\www\\app_sekolah_muhammadiyah\\public\\index.php')
DEBUG - 2025-05-23 08:01:50 --> Session: Class initialized using 'CodeIgniter\Session\Handlers\FileHandler' driver.
WARNING - 2025-05-23 08:01:50 --> [DEPRECATED] Creation of dynamic property App\Controllers\Admin_jabatan::$map is deprecated in APPPATH\Controllers\Admin_jabatan.php on line 17.
 1 SYSTEMPATH\CodeIgniter.php(903): App\Controllers\Admin_jabatan->__construct()
 2 SYSTEMPATH\CodeIgniter.php(498): CodeIgniter\CodeIgniter->createController()
 3 SYSTEMPATH\CodeIgniter.php(354): CodeIgniter\CodeIgniter->handleRequest(null, Object(Config\Cache), false)
 4 SYSTEMPATH\Boot.php(334): CodeIgniter\CodeIgniter->run()
 5 SYSTEMPATH\Boot.php(67): CodeIgniter\Boot::runCodeIgniter(Object(CodeIgniter\CodeIgniter))
 6 FCPATH\index.php(59): CodeIgniter\Boot::bootWeb(Object(Config\Paths))
 7 SYSTEMPATH\rewrite.php(44): require_once('D:\\wamp64\\www\\app_sekolah_muhammadiyah\\public\\index.php')
CRITICAL - 2025-05-23 08:01:50 --> ErrorException: Undefined array key "bentuk_pendidikan"
[Method: GET, Route: admin_jabatan]
in APPPATH\Views\admin\kepegawaian\jabatan\v_jabatan.php on line 84.
 1 APPPATH\Views\admin\kepegawaian\jabatan\v_jabatan.php(84): CodeIgniter\Debug\Exceptions->errorHandler(2, 'Undefined array key "bentuk_pendidikan"', 'D:\\wamp64\\www\\app_sekolah_muhammadiyah\\app\\Views\\admin\\kepegawaian\\jabatan\\v_jabatan.php', 84)
 2 SYSTEMPATH\View\View.php(224): include('D:\\wamp64\\www\\app_sekolah_muhammadiyah\\app\\Views\\admin\\kepegawaian\\jabatan\\v_jabatan.php')
 3 SYSTEMPATH\View\View.php(227): CodeIgniter\View\View->CodeIgniter\View\{closure}()
 4 SYSTEMPATH\Common.php(1173): CodeIgniter\View\View->render('admin/kepegawaian/jabatan/v_jabatan', [], true)
 5 APPPATH\Controllers\Admin_jabatan.php(29): view('admin/kepegawaian/jabatan/v_jabatan', [...])
 6 SYSTEMPATH\CodeIgniter.php(933): App\Controllers\Admin_jabatan->index()
 7 SYSTEMPATH\CodeIgniter.php(507): CodeIgniter\CodeIgniter->runController(Object(App\Controllers\Admin_jabatan))
 8 SYSTEMPATH\CodeIgniter.php(354): CodeIgniter\CodeIgniter->handleRequest(null, Object(Config\Cache), false)
 9 SYSTEMPATH\Boot.php(334): CodeIgniter\CodeIgniter->run()
10 SYSTEMPATH\Boot.php(67): CodeIgniter\Boot::runCodeIgniter(Object(CodeIgniter\CodeIgniter))
11 FCPATH\index.php(59): CodeIgniter\Boot::bootWeb(Object(Config\Paths))
12 SYSTEMPATH\rewrite.php(44): require_once('D:\\wamp64\\www\\app_sekolah_muhammadiyah\\public\\index.php')
DEBUG - 2025-05-23 08:01:51 --> Session: Class initialized using 'CodeIgniter\Session\Handlers\FileHandler' driver.
WARNING - 2025-05-23 08:01:51 --> [DEPRECATED] Creation of dynamic property App\Controllers\Admin_jabatan::$map is deprecated in APPPATH\Controllers\Admin_jabatan.php on line 17.
 1 SYSTEMPATH\CodeIgniter.php(903): App\Controllers\Admin_jabatan->__construct()
 2 SYSTEMPATH\CodeIgniter.php(498): CodeIgniter\CodeIgniter->createController()
 3 SYSTEMPATH\CodeIgniter.php(354): CodeIgniter\CodeIgniter->handleRequest(null, Object(Config\Cache), false)
 4 SYSTEMPATH\Boot.php(334): CodeIgniter\CodeIgniter->run()
 5 SYSTEMPATH\Boot.php(67): CodeIgniter\Boot::runCodeIgniter(Object(CodeIgniter\CodeIgniter))
 6 FCPATH\index.php(59): CodeIgniter\Boot::bootWeb(Object(Config\Paths))
 7 SYSTEMPATH\rewrite.php(44): require_once('D:\\wamp64\\www\\app_sekolah_muhammadiyah\\public\\index.php')
CRITICAL - 2025-05-23 08:01:51 --> ErrorException: Undefined array key "bentuk_pendidikan"
[Method: GET, Route: admin_jabatan]
in APPPATH\Views\admin\kepegawaian\jabatan\v_jabatan.php on line 84.
 1 APPPATH\Views\admin\kepegawaian\jabatan\v_jabatan.php(84): CodeIgniter\Debug\Exceptions->errorHandler(2, 'Undefined array key "bentuk_pendidikan"', 'D:\\wamp64\\www\\app_sekolah_muhammadiyah\\app\\Views\\admin\\kepegawaian\\jabatan\\v_jabatan.php', 84)
 2 SYSTEMPATH\View\View.php(224): include('D:\\wamp64\\www\\app_sekolah_muhammadiyah\\app\\Views\\admin\\kepegawaian\\jabatan\\v_jabatan.php')
 3 SYSTEMPATH\View\View.php(227): CodeIgniter\View\View->CodeIgniter\View\{closure}()
 4 SYSTEMPATH\Common.php(1173): CodeIgniter\View\View->render('admin/kepegawaian/jabatan/v_jabatan', [], true)
 5 APPPATH\Controllers\Admin_jabatan.php(29): view('admin/kepegawaian/jabatan/v_jabatan', [...])
 6 SYSTEMPATH\CodeIgniter.php(933): App\Controllers\Admin_jabatan->index()
 7 SYSTEMPATH\CodeIgniter.php(507): CodeIgniter\CodeIgniter->runController(Object(App\Controllers\Admin_jabatan))
 8 SYSTEMPATH\CodeIgniter.php(354): CodeIgniter\CodeIgniter->handleRequest(null, Object(Config\Cache), false)
 9 SYSTEMPATH\Boot.php(334): CodeIgniter\CodeIgniter->run()
10 SYSTEMPATH\Boot.php(67): CodeIgniter\Boot::runCodeIgniter(Object(CodeIgniter\CodeIgniter))
11 FCPATH\index.php(59): CodeIgniter\Boot::bootWeb(Object(Config\Paths))
12 SYSTEMPATH\rewrite.php(44): require_once('D:\\wamp64\\www\\app_sekolah_muhammadiyah\\public\\index.php')
DEBUG - 2025-05-23 08:01:51 --> Session: Class initialized using 'CodeIgniter\Session\Handlers\FileHandler' driver.
WARNING - 2025-05-23 08:01:51 --> [DEPRECATED] Creation of dynamic property App\Controllers\Admin_jabatan::$map is deprecated in APPPATH\Controllers\Admin_jabatan.php on line 17.
 1 SYSTEMPATH\CodeIgniter.php(903): App\Controllers\Admin_jabatan->__construct()
 2 SYSTEMPATH\CodeIgniter.php(498): CodeIgniter\CodeIgniter->createController()
 3 SYSTEMPATH\CodeIgniter.php(354): CodeIgniter\CodeIgniter->handleRequest(null, Object(Config\Cache), false)
 4 SYSTEMPATH\Boot.php(334): CodeIgniter\CodeIgniter->run()
 5 SYSTEMPATH\Boot.php(67): CodeIgniter\Boot::runCodeIgniter(Object(CodeIgniter\CodeIgniter))
 6 FCPATH\index.php(59): CodeIgniter\Boot::bootWeb(Object(Config\Paths))
 7 SYSTEMPATH\rewrite.php(44): require_once('D:\\wamp64\\www\\app_sekolah_muhammadiyah\\public\\index.php')
CRITICAL - 2025-05-23 08:01:51 --> ErrorException: Undefined array key "bentuk_pendidikan"
[Method: GET, Route: admin_jabatan]
in APPPATH\Views\admin\kepegawaian\jabatan\v_jabatan.php on line 84.
 1 APPPATH\Views\admin\kepegawaian\jabatan\v_jabatan.php(84): CodeIgniter\Debug\Exceptions->errorHandler(2, 'Undefined array key "bentuk_pendidikan"', 'D:\\wamp64\\www\\app_sekolah_muhammadiyah\\app\\Views\\admin\\kepegawaian\\jabatan\\v_jabatan.php', 84)
 2 SYSTEMPATH\View\View.php(224): include('D:\\wamp64\\www\\app_sekolah_muhammadiyah\\app\\Views\\admin\\kepegawaian\\jabatan\\v_jabatan.php')
 3 SYSTEMPATH\View\View.php(227): CodeIgniter\View\View->CodeIgniter\View\{closure}()
 4 SYSTEMPATH\Common.php(1173): CodeIgniter\View\View->render('admin/kepegawaian/jabatan/v_jabatan', [], true)
 5 APPPATH\Controllers\Admin_jabatan.php(29): view('admin/kepegawaian/jabatan/v_jabatan', [...])
 6 SYSTEMPATH\CodeIgniter.php(933): App\Controllers\Admin_jabatan->index()
 7 SYSTEMPATH\CodeIgniter.php(507): CodeIgniter\CodeIgniter->runController(Object(App\Controllers\Admin_jabatan))
 8 SYSTEMPATH\CodeIgniter.php(354): CodeIgniter\CodeIgniter->handleRequest(null, Object(Config\Cache), false)
 9 SYSTEMPATH\Boot.php(334): CodeIgniter\CodeIgniter->run()
10 SYSTEMPATH\Boot.php(67): CodeIgniter\Boot::runCodeIgniter(Object(CodeIgniter\CodeIgniter))
11 FCPATH\index.php(59): CodeIgniter\Boot::bootWeb(Object(Config\Paths))
12 SYSTEMPATH\rewrite.php(44): require_once('D:\\wamp64\\www\\app_sekolah_muhammadiyah\\public\\index.php')
DEBUG - 2025-05-23 08:01:52 --> Session: Class initialized using 'CodeIgniter\Session\Handlers\FileHandler' driver.
WARNING - 2025-05-23 08:01:52 --> [DEPRECATED] Creation of dynamic property App\Controllers\Admin_jabatan::$map is deprecated in APPPATH\Controllers\Admin_jabatan.php on line 17.
 1 SYSTEMPATH\CodeIgniter.php(903): App\Controllers\Admin_jabatan->__construct()
 2 SYSTEMPATH\CodeIgniter.php(498): CodeIgniter\CodeIgniter->createController()
 3 SYSTEMPATH\CodeIgniter.php(354): CodeIgniter\CodeIgniter->handleRequest(null, Object(Config\Cache), false)
 4 SYSTEMPATH\Boot.php(334): CodeIgniter\CodeIgniter->run()
 5 SYSTEMPATH\Boot.php(67): CodeIgniter\Boot::runCodeIgniter(Object(CodeIgniter\CodeIgniter))
 6 FCPATH\index.php(59): CodeIgniter\Boot::bootWeb(Object(Config\Paths))
 7 SYSTEMPATH\rewrite.php(44): require_once('D:\\wamp64\\www\\app_sekolah_muhammadiyah\\public\\index.php')
CRITICAL - 2025-05-23 08:01:52 --> ErrorException: Undefined array key "bentuk_pendidikan"
[Method: GET, Route: admin_jabatan]
in APPPATH\Views\admin\kepegawaian\jabatan\v_jabatan.php on line 84.
 1 APPPATH\Views\admin\kepegawaian\jabatan\v_jabatan.php(84): CodeIgniter\Debug\Exceptions->errorHandler(2, 'Undefined array key "bentuk_pendidikan"', 'D:\\wamp64\\www\\app_sekolah_muhammadiyah\\app\\Views\\admin\\kepegawaian\\jabatan\\v_jabatan.php', 84)
 2 SYSTEMPATH\View\View.php(224): include('D:\\wamp64\\www\\app_sekolah_muhammadiyah\\app\\Views\\admin\\kepegawaian\\jabatan\\v_jabatan.php')
 3 SYSTEMPATH\View\View.php(227): CodeIgniter\View\View->CodeIgniter\View\{closure}()
 4 SYSTEMPATH\Common.php(1173): CodeIgniter\View\View->render('admin/kepegawaian/jabatan/v_jabatan', [], true)
 5 APPPATH\Controllers\Admin_jabatan.php(29): view('admin/kepegawaian/jabatan/v_jabatan', [...])
 6 SYSTEMPATH\CodeIgniter.php(933): App\Controllers\Admin_jabatan->index()
 7 SYSTEMPATH\CodeIgniter.php(507): CodeIgniter\CodeIgniter->runController(Object(App\Controllers\Admin_jabatan))
 8 SYSTEMPATH\CodeIgniter.php(354): CodeIgniter\CodeIgniter->handleRequest(null, Object(Config\Cache), false)
 9 SYSTEMPATH\Boot.php(334): CodeIgniter\CodeIgniter->run()
10 SYSTEMPATH\Boot.php(67): CodeIgniter\Boot::runCodeIgniter(Object(CodeIgniter\CodeIgniter))
11 FCPATH\index.php(59): CodeIgniter\Boot::bootWeb(Object(Config\Paths))
12 SYSTEMPATH\rewrite.php(44): require_once('D:\\wamp64\\www\\app_sekolah_muhammadiyah\\public\\index.php')
DEBUG - 2025-05-23 08:01:54 --> Session: Class initialized using 'CodeIgniter\Session\Handlers\FileHandler' driver.
WARNING - 2025-05-23 08:01:54 --> [DEPRECATED] Creation of dynamic property App\Controllers\Admin_jabatan::$map is deprecated in APPPATH\Controllers\Admin_jabatan.php on line 17.
 1 SYSTEMPATH\CodeIgniter.php(903): App\Controllers\Admin_jabatan->__construct()
 2 SYSTEMPATH\CodeIgniter.php(498): CodeIgniter\CodeIgniter->createController()
 3 SYSTEMPATH\CodeIgniter.php(354): CodeIgniter\CodeIgniter->handleRequest(null, Object(Config\Cache), false)
 4 SYSTEMPATH\Boot.php(334): CodeIgniter\CodeIgniter->run()
 5 SYSTEMPATH\Boot.php(67): CodeIgniter\Boot::runCodeIgniter(Object(CodeIgniter\CodeIgniter))
 6 FCPATH\index.php(59): CodeIgniter\Boot::bootWeb(Object(Config\Paths))
 7 SYSTEMPATH\rewrite.php(44): require_once('D:\\wamp64\\www\\app_sekolah_muhammadiyah\\public\\index.php')
CRITICAL - 2025-05-23 08:01:54 --> ErrorException: Undefined array key "bentuk_pendidikan"
[Method: GET, Route: admin_jabatan]
in APPPATH\Views\admin\kepegawaian\jabatan\v_jabatan.php on line 84.
 1 APPPATH\Views\admin\kepegawaian\jabatan\v_jabatan.php(84): CodeIgniter\Debug\Exceptions->errorHandler(2, 'Undefined array key "bentuk_pendidikan"', 'D:\\wamp64\\www\\app_sekolah_muhammadiyah\\app\\Views\\admin\\kepegawaian\\jabatan\\v_jabatan.php', 84)
 2 SYSTEMPATH\View\View.php(224): include('D:\\wamp64\\www\\app_sekolah_muhammadiyah\\app\\Views\\admin\\kepegawaian\\jabatan\\v_jabatan.php')
 3 SYSTEMPATH\View\View.php(227): CodeIgniter\View\View->CodeIgniter\View\{closure}()
 4 SYSTEMPATH\Common.php(1173): CodeIgniter\View\View->render('admin/kepegawaian/jabatan/v_jabatan', [], true)
 5 APPPATH\Controllers\Admin_jabatan.php(29): view('admin/kepegawaian/jabatan/v_jabatan', [...])
 6 SYSTEMPATH\CodeIgniter.php(933): App\Controllers\Admin_jabatan->index()
 7 SYSTEMPATH\CodeIgniter.php(507): CodeIgniter\CodeIgniter->runController(Object(App\Controllers\Admin_jabatan))
 8 SYSTEMPATH\CodeIgniter.php(354): CodeIgniter\CodeIgniter->handleRequest(null, Object(Config\Cache), false)
 9 SYSTEMPATH\Boot.php(334): CodeIgniter\CodeIgniter->run()
10 SYSTEMPATH\Boot.php(67): CodeIgniter\Boot::runCodeIgniter(Object(CodeIgniter\CodeIgniter))
11 FCPATH\index.php(59): CodeIgniter\Boot::bootWeb(Object(Config\Paths))
12 SYSTEMPATH\rewrite.php(44): require_once('D:\\wamp64\\www\\app_sekolah_muhammadiyah\\public\\index.php')
DEBUG - 2025-05-23 08:01:54 --> Session: Class initialized using 'CodeIgniter\Session\Handlers\FileHandler' driver.
WARNING - 2025-05-23 08:01:54 --> [DEPRECATED] Creation of dynamic property App\Controllers\Admin_jabatan::$map is deprecated in APPPATH\Controllers\Admin_jabatan.php on line 17.
 1 SYSTEMPATH\CodeIgniter.php(903): App\Controllers\Admin_jabatan->__construct()
 2 SYSTEMPATH\CodeIgniter.php(498): CodeIgniter\CodeIgniter->createController()
 3 SYSTEMPATH\CodeIgniter.php(354): CodeIgniter\CodeIgniter->handleRequest(null, Object(Config\Cache), false)
 4 SYSTEMPATH\Boot.php(334): CodeIgniter\CodeIgniter->run()
 5 SYSTEMPATH\Boot.php(67): CodeIgniter\Boot::runCodeIgniter(Object(CodeIgniter\CodeIgniter))
 6 FCPATH\index.php(59): CodeIgniter\Boot::bootWeb(Object(Config\Paths))
 7 SYSTEMPATH\rewrite.php(44): require_once('D:\\wamp64\\www\\app_sekolah_muhammadiyah\\public\\index.php')
CRITICAL - 2025-05-23 08:01:54 --> ErrorException: Undefined array key "bentuk_pendidikan"
[Method: GET, Route: admin_jabatan]
in APPPATH\Views\admin\kepegawaian\jabatan\v_jabatan.php on line 84.
 1 APPPATH\Views\admin\kepegawaian\jabatan\v_jabatan.php(84): CodeIgniter\Debug\Exceptions->errorHandler(2, 'Undefined array key "bentuk_pendidikan"', 'D:\\wamp64\\www\\app_sekolah_muhammadiyah\\app\\Views\\admin\\kepegawaian\\jabatan\\v_jabatan.php', 84)
 2 SYSTEMPATH\View\View.php(224): include('D:\\wamp64\\www\\app_sekolah_muhammadiyah\\app\\Views\\admin\\kepegawaian\\jabatan\\v_jabatan.php')
 3 SYSTEMPATH\View\View.php(227): CodeIgniter\View\View->CodeIgniter\View\{closure}()
 4 SYSTEMPATH\Common.php(1173): CodeIgniter\View\View->render('admin/kepegawaian/jabatan/v_jabatan', [], true)
 5 APPPATH\Controllers\Admin_jabatan.php(29): view('admin/kepegawaian/jabatan/v_jabatan', [...])
 6 SYSTEMPATH\CodeIgniter.php(933): App\Controllers\Admin_jabatan->index()
 7 SYSTEMPATH\CodeIgniter.php(507): CodeIgniter\CodeIgniter->runController(Object(App\Controllers\Admin_jabatan))
 8 SYSTEMPATH\CodeIgniter.php(354): CodeIgniter\CodeIgniter->handleRequest(null, Object(Config\Cache), false)
 9 SYSTEMPATH\Boot.php(334): CodeIgniter\CodeIgniter->run()
10 SYSTEMPATH\Boot.php(67): CodeIgniter\Boot::runCodeIgniter(Object(CodeIgniter\CodeIgniter))
11 FCPATH\index.php(59): CodeIgniter\Boot::bootWeb(Object(Config\Paths))
12 SYSTEMPATH\rewrite.php(44): require_once('D:\\wamp64\\www\\app_sekolah_muhammadiyah\\public\\index.php')
DEBUG - 2025-05-23 08:02:41 --> Session: Class initialized using 'CodeIgniter\Session\Handlers\FileHandler' driver.
WARNING - 2025-05-23 08:02:41 --> [DEPRECATED] Creation of dynamic property App\Controllers\Admin_jabatan::$map is deprecated in APPPATH\Controllers\Admin_jabatan.php on line 17.
 1 SYSTEMPATH\CodeIgniter.php(903): App\Controllers\Admin_jabatan->__construct()
 2 SYSTEMPATH\CodeIgniter.php(498): CodeIgniter\CodeIgniter->createController()
 3 SYSTEMPATH\CodeIgniter.php(354): CodeIgniter\CodeIgniter->handleRequest(null, Object(Config\Cache), false)
 4 SYSTEMPATH\Boot.php(334): CodeIgniter\CodeIgniter->run()
 5 SYSTEMPATH\Boot.php(67): CodeIgniter\Boot::runCodeIgniter(Object(CodeIgniter\CodeIgniter))
 6 FCPATH\index.php(59): CodeIgniter\Boot::bootWeb(Object(Config\Paths))
 7 SYSTEMPATH\rewrite.php(44): require_once('D:\\wamp64\\www\\app_sekolah_muhammadiyah\\public\\index.php')
CRITICAL - 2025-05-23 08:02:41 --> ErrorException: Undefined array key "bentuk_pendidikan"
[Method: GET, Route: admin_jabatan]
in APPPATH\Views\admin\kepegawaian\jabatan\v_jabatan.php on line 84.
 1 APPPATH\Views\admin\kepegawaian\jabatan\v_jabatan.php(84): CodeIgniter\Debug\Exceptions->errorHandler(2, 'Undefined array key "bentuk_pendidikan"', 'D:\\wamp64\\www\\app_sekolah_muhammadiyah\\app\\Views\\admin\\kepegawaian\\jabatan\\v_jabatan.php', 84)
 2 SYSTEMPATH\View\View.php(224): include('D:\\wamp64\\www\\app_sekolah_muhammadiyah\\app\\Views\\admin\\kepegawaian\\jabatan\\v_jabatan.php')
 3 SYSTEMPATH\View\View.php(227): CodeIgniter\View\View->CodeIgniter\View\{closure}()
 4 SYSTEMPATH\Common.php(1173): CodeIgniter\View\View->render('admin/kepegawaian/jabatan/v_jabatan', [], true)
 5 APPPATH\Controllers\Admin_jabatan.php(29): view('admin/kepegawaian/jabatan/v_jabatan', [...])
 6 SYSTEMPATH\CodeIgniter.php(933): App\Controllers\Admin_jabatan->index()
 7 SYSTEMPATH\CodeIgniter.php(507): CodeIgniter\CodeIgniter->runController(Object(App\Controllers\Admin_jabatan))
 8 SYSTEMPATH\CodeIgniter.php(354): CodeIgniter\CodeIgniter->handleRequest(null, Object(Config\Cache), false)
 9 SYSTEMPATH\Boot.php(334): CodeIgniter\CodeIgniter->run()
10 SYSTEMPATH\Boot.php(67): CodeIgniter\Boot::runCodeIgniter(Object(CodeIgniter\CodeIgniter))
11 FCPATH\index.php(59): CodeIgniter\Boot::bootWeb(Object(Config\Paths))
12 SYSTEMPATH\rewrite.php(44): require_once('D:\\wamp64\\www\\app_sekolah_muhammadiyah\\public\\index.php')
DEBUG - 2025-05-23 08:02:43 --> Session: Class initialized using 'CodeIgniter\Session\Handlers\FileHandler' driver.
WARNING - 2025-05-23 08:02:43 --> [DEPRECATED] Creation of dynamic property App\Controllers\Admin_jabatan::$map is deprecated in APPPATH\Controllers\Admin_jabatan.php on line 17.
 1 SYSTEMPATH\CodeIgniter.php(903): App\Controllers\Admin_jabatan->__construct()
 2 SYSTEMPATH\CodeIgniter.php(498): CodeIgniter\CodeIgniter->createController()
 3 SYSTEMPATH\CodeIgniter.php(354): CodeIgniter\CodeIgniter->handleRequest(null, Object(Config\Cache), false)
 4 SYSTEMPATH\Boot.php(334): CodeIgniter\CodeIgniter->run()
 5 SYSTEMPATH\Boot.php(67): CodeIgniter\Boot::runCodeIgniter(Object(CodeIgniter\CodeIgniter))
 6 FCPATH\index.php(59): CodeIgniter\Boot::bootWeb(Object(Config\Paths))
 7 SYSTEMPATH\rewrite.php(44): require_once('D:\\wamp64\\www\\app_sekolah_muhammadiyah\\public\\index.php')
CRITICAL - 2025-05-23 08:02:43 --> ErrorException: Undefined array key "bentuk_pendidikan"
[Method: GET, Route: admin_jabatan]
in APPPATH\Views\admin\kepegawaian\jabatan\v_jabatan.php on line 84.
 1 APPPATH\Views\admin\kepegawaian\jabatan\v_jabatan.php(84): CodeIgniter\Debug\Exceptions->errorHandler(2, 'Undefined array key "bentuk_pendidikan"', 'D:\\wamp64\\www\\app_sekolah_muhammadiyah\\app\\Views\\admin\\kepegawaian\\jabatan\\v_jabatan.php', 84)
 2 SYSTEMPATH\View\View.php(224): include('D:\\wamp64\\www\\app_sekolah_muhammadiyah\\app\\Views\\admin\\kepegawaian\\jabatan\\v_jabatan.php')
 3 SYSTEMPATH\View\View.php(227): CodeIgniter\View\View->CodeIgniter\View\{closure}()
 4 SYSTEMPATH\Common.php(1173): CodeIgniter\View\View->render('admin/kepegawaian/jabatan/v_jabatan', [], true)
 5 APPPATH\Controllers\Admin_jabatan.php(29): view('admin/kepegawaian/jabatan/v_jabatan', [...])
 6 SYSTEMPATH\CodeIgniter.php(933): App\Controllers\Admin_jabatan->index()
 7 SYSTEMPATH\CodeIgniter.php(507): CodeIgniter\CodeIgniter->runController(Object(App\Controllers\Admin_jabatan))
 8 SYSTEMPATH\CodeIgniter.php(354): CodeIgniter\CodeIgniter->handleRequest(null, Object(Config\Cache), false)
 9 SYSTEMPATH\Boot.php(334): CodeIgniter\CodeIgniter->run()
10 SYSTEMPATH\Boot.php(67): CodeIgniter\Boot::runCodeIgniter(Object(CodeIgniter\CodeIgniter))
11 FCPATH\index.php(59): CodeIgniter\Boot::bootWeb(Object(Config\Paths))
12 SYSTEMPATH\rewrite.php(44): require_once('D:\\wamp64\\www\\app_sekolah_muhammadiyah\\public\\index.php')
DEBUG - 2025-05-23 08:02:55 --> Session: Class initialized using 'CodeIgniter\Session\Handlers\FileHandler' driver.
WARNING - 2025-05-23 08:02:55 --> [DEPRECATED] Creation of dynamic property App\Controllers\Admin_jabatan::$map is deprecated in APPPATH\Controllers\Admin_jabatan.php on line 17.
 1 SYSTEMPATH\CodeIgniter.php(903): App\Controllers\Admin_jabatan->__construct()
 2 SYSTEMPATH\CodeIgniter.php(498): CodeIgniter\CodeIgniter->createController()
 3 SYSTEMPATH\CodeIgniter.php(354): CodeIgniter\CodeIgniter->handleRequest(null, Object(Config\Cache), false)
 4 SYSTEMPATH\Boot.php(334): CodeIgniter\CodeIgniter->run()
 5 SYSTEMPATH\Boot.php(67): CodeIgniter\Boot::runCodeIgniter(Object(CodeIgniter\CodeIgniter))
 6 FCPATH\index.php(59): CodeIgniter\Boot::bootWeb(Object(Config\Paths))
 7 SYSTEMPATH\rewrite.php(44): require_once('D:\\wamp64\\www\\app_sekolah_muhammadiyah\\public\\index.php')
CRITICAL - 2025-05-23 08:02:55 --> ErrorException: Undefined array key "bentuk_pendidikan"
[Method: GET, Route: admin_jabatan]
in APPPATH\Views\admin\kepegawaian\jabatan\v_jabatan.php on line 84.
 1 APPPATH\Views\admin\kepegawaian\jabatan\v_jabatan.php(84): CodeIgniter\Debug\Exceptions->errorHandler(2, 'Undefined array key "bentuk_pendidikan"', 'D:\\wamp64\\www\\app_sekolah_muhammadiyah\\app\\Views\\admin\\kepegawaian\\jabatan\\v_jabatan.php', 84)
 2 SYSTEMPATH\View\View.php(224): include('D:\\wamp64\\www\\app_sekolah_muhammadiyah\\app\\Views\\admin\\kepegawaian\\jabatan\\v_jabatan.php')
 3 SYSTEMPATH\View\View.php(227): CodeIgniter\View\View->CodeIgniter\View\{closure}()
 4 SYSTEMPATH\Common.php(1173): CodeIgniter\View\View->render('admin/kepegawaian/jabatan/v_jabatan', [], true)
 5 APPPATH\Controllers\Admin_jabatan.php(29): view('admin/kepegawaian/jabatan/v_jabatan', [...])
 6 SYSTEMPATH\CodeIgniter.php(933): App\Controllers\Admin_jabatan->index()
 7 SYSTEMPATH\CodeIgniter.php(507): CodeIgniter\CodeIgniter->runController(Object(App\Controllers\Admin_jabatan))
 8 SYSTEMPATH\CodeIgniter.php(354): CodeIgniter\CodeIgniter->handleRequest(null, Object(Config\Cache), false)
 9 SYSTEMPATH\Boot.php(334): CodeIgniter\CodeIgniter->run()
10 SYSTEMPATH\Boot.php(67): CodeIgniter\Boot::runCodeIgniter(Object(CodeIgniter\CodeIgniter))
11 FCPATH\index.php(59): CodeIgniter\Boot::bootWeb(Object(Config\Paths))
12 SYSTEMPATH\rewrite.php(44): require_once('D:\\wamp64\\www\\app_sekolah_muhammadiyah\\public\\index.php')
DEBUG - 2025-05-23 08:03:00 --> Session: Class initialized using 'CodeIgniter\Session\Handlers\FileHandler' driver.
WARNING - 2025-05-23 08:03:00 --> [DEPRECATED] Creation of dynamic property App\Controllers\Admin_jabatan::$map is deprecated in APPPATH\Controllers\Admin_jabatan.php on line 17.
 1 SYSTEMPATH\CodeIgniter.php(903): App\Controllers\Admin_jabatan->__construct()
 2 SYSTEMPATH\CodeIgniter.php(498): CodeIgniter\CodeIgniter->createController()
 3 SYSTEMPATH\CodeIgniter.php(354): CodeIgniter\CodeIgniter->handleRequest(null, Object(Config\Cache), false)
 4 SYSTEMPATH\Boot.php(334): CodeIgniter\CodeIgniter->run()
 5 SYSTEMPATH\Boot.php(67): CodeIgniter\Boot::runCodeIgniter(Object(CodeIgniter\CodeIgniter))
 6 FCPATH\index.php(59): CodeIgniter\Boot::bootWeb(Object(Config\Paths))
 7 SYSTEMPATH\rewrite.php(44): require_once('D:\\wamp64\\www\\app_sekolah_muhammadiyah\\public\\index.php')
DEBUG - 2025-05-23 08:03:32 --> Session: Class initialized using 'CodeIgniter\Session\Handlers\FileHandler' driver.
WARNING - 2025-05-23 08:03:32 --> [DEPRECATED] Creation of dynamic property App\Controllers\Admin_jabatan::$map is deprecated in APPPATH\Controllers\Admin_jabatan.php on line 17.
 1 SYSTEMPATH\CodeIgniter.php(903): App\Controllers\Admin_jabatan->__construct()
 2 SYSTEMPATH\CodeIgniter.php(498): CodeIgniter\CodeIgniter->createController()
 3 SYSTEMPATH\CodeIgniter.php(354): CodeIgniter\CodeIgniter->handleRequest(null, Object(Config\Cache), false)
 4 SYSTEMPATH\Boot.php(334): CodeIgniter\CodeIgniter->run()
 5 SYSTEMPATH\Boot.php(67): CodeIgniter\Boot::runCodeIgniter(Object(CodeIgniter\CodeIgniter))
 6 FCPATH\index.php(59): CodeIgniter\Boot::bootWeb(Object(Config\Paths))
 7 SYSTEMPATH\rewrite.php(44): require_once('D:\\wamp64\\www\\app_sekolah_muhammadiyah\\public\\index.php')
DEBUG - 2025-05-23 08:03:59 --> Session: Class initialized using 'CodeIgniter\Session\Handlers\FileHandler' driver.
WARNING - 2025-05-23 08:03:59 --> [DEPRECATED] Creation of dynamic property App\Controllers\Admin_jabatan::$map is deprecated in APPPATH\Controllers\Admin_jabatan.php on line 17.
 1 SYSTEMPATH\CodeIgniter.php(903): App\Controllers\Admin_jabatan->__construct()
 2 SYSTEMPATH\CodeIgniter.php(498): CodeIgniter\CodeIgniter->createController()
 3 SYSTEMPATH\CodeIgniter.php(354): CodeIgniter\CodeIgniter->handleRequest(null, Object(Config\Cache), false)
 4 SYSTEMPATH\Boot.php(334): CodeIgniter\CodeIgniter->run()
 5 SYSTEMPATH\Boot.php(67): CodeIgniter\Boot::runCodeIgniter(Object(CodeIgniter\CodeIgniter))
 6 FCPATH\index.php(59): CodeIgniter\Boot::bootWeb(Object(Config\Paths))
 7 SYSTEMPATH\rewrite.php(44): require_once('D:\\wamp64\\www\\app_sekolah_muhammadiyah\\public\\index.php')
DEBUG - 2025-05-23 08:04:06 --> Session: Class initialized using 'CodeIgniter\Session\Handlers\FileHandler' driver.
WARNING - 2025-05-23 08:04:06 --> [DEPRECATED] Creation of dynamic property App\Controllers\Admin_jabatan::$map is deprecated in APPPATH\Controllers\Admin_jabatan.php on line 17.
 1 SYSTEMPATH\CodeIgniter.php(903): App\Controllers\Admin_jabatan->__construct()
 2 SYSTEMPATH\CodeIgniter.php(498): CodeIgniter\CodeIgniter->createController()
 3 SYSTEMPATH\CodeIgniter.php(354): CodeIgniter\CodeIgniter->handleRequest(null, Object(Config\Cache), false)
 4 SYSTEMPATH\Boot.php(334): CodeIgniter\CodeIgniter->run()
 5 SYSTEMPATH\Boot.php(67): CodeIgniter\Boot::runCodeIgniter(Object(CodeIgniter\CodeIgniter))
 6 FCPATH\index.php(59): CodeIgniter\Boot::bootWeb(Object(Config\Paths))
 7 SYSTEMPATH\rewrite.php(44): require_once('D:\\wamp64\\www\\app_sekolah_muhammadiyah\\public\\index.php')
DEBUG - 2025-05-23 08:04:40 --> Session: Class initialized using 'CodeIgniter\Session\Handlers\FileHandler' driver.
DEBUG - 2025-05-23 08:05:10 --> Session: Class initialized using 'CodeIgniter\Session\Handlers\FileHandler' driver.
DEBUG - 2025-05-23 08:05:12 --> Session: Class initialized using 'CodeIgniter\Session\Handlers\FileHandler' driver.
DEBUG - 2025-05-23 08:05:16 --> Session: Class initialized using 'CodeIgniter\Session\Handlers\FileHandler' driver.
DEBUG - 2025-05-23 08:05:17 --> Session: Class initialized using 'CodeIgniter\Session\Handlers\FileHandler' driver.
DEBUG - 2025-05-23 08:05:18 --> Session: Class initialized using 'CodeIgniter\Session\Handlers\FileHandler' driver.
DEBUG - 2025-05-23 08:05:21 --> Session: Class initialized using 'CodeIgniter\Session\Handlers\FileHandler' driver.
DEBUG - 2025-05-23 08:06:58 --> Session: Class initialized using 'CodeIgniter\Session\Handlers\FileHandler' driver.
DEBUG - 2025-05-23 08:07:01 --> Session: Class initialized using 'CodeIgniter\Session\Handlers\FileHandler' driver.
DEBUG - 2025-05-23 08:11:44 --> Session: Class initialized using 'CodeIgniter\Session\Handlers\FileHandler' driver.
CRITICAL - 2025-05-23 08:11:44 --> ErrorException: Undefined variable $bentuk_pendidikan
[Method: GET, Route: admin_pegawai/create]
in APPPATH\Views\admin\kepegawaian\pegawai\c_pegawai.php on line 120.
 1 APPPATH\Views\admin\kepegawaian\pegawai\c_pegawai.php(120): CodeIgniter\Debug\Exceptions->errorHandler(2, 'Undefined variable $bentuk_pendidikan', 'D:\\wamp64\\www\\app_sekolah_muhammadiyah\\app\\Views\\admin\\kepegawaian\\pegawai\\c_pegawai.php', 120)
 2 SYSTEMPATH\View\View.php(224): include('D:\\wamp64\\www\\app_sekolah_muhammadiyah\\app\\Views\\admin\\kepegawaian\\pegawai\\c_pegawai.php')
 3 SYSTEMPATH\View\View.php(227): CodeIgniter\View\View->CodeIgniter\View\{closure}()
 4 SYSTEMPATH\Common.php(1173): CodeIgniter\View\View->render('admin/kepegawaian/pegawai/c_pegawai', [], true)
 5 APPPATH\Controllers\Admin_pegawai.php(43): view('admin/kepegawaian/pegawai/c_pegawai', [...])
 6 SYSTEMPATH\CodeIgniter.php(933): App\Controllers\Admin_pegawai->create()
 7 SYSTEMPATH\CodeIgniter.php(507): CodeIgniter\CodeIgniter->runController(Object(App\Controllers\Admin_pegawai))
 8 SYSTEMPATH\CodeIgniter.php(354): CodeIgniter\CodeIgniter->handleRequest(null, Object(Config\Cache), false)
 9 SYSTEMPATH\Boot.php(334): CodeIgniter\CodeIgniter->run()
10 SYSTEMPATH\Boot.php(67): CodeIgniter\Boot::runCodeIgniter(Object(CodeIgniter\CodeIgniter))
11 FCPATH\index.php(59): CodeIgniter\Boot::bootWeb(Object(Config\Paths))
12 SYSTEMPATH\rewrite.php(44): require_once('D:\\wamp64\\www\\app_sekolah_muhammadiyah\\public\\index.php')
DEBUG - 2025-05-23 08:12:04 --> Session: Class initialized using 'CodeIgniter\Session\Handlers\FileHandler' driver.
CRITICAL - 2025-05-23 08:12:04 --> ErrorException: Undefined variable $bentuk_pendidikan
[Method: GET, Route: admin_pegawai/create]
in APPPATH\Views\admin\kepegawaian\pegawai\c_pegawai.php on line 120.
 1 APPPATH\Views\admin\kepegawaian\pegawai\c_pegawai.php(120): CodeIgniter\Debug\Exceptions->errorHandler(2, 'Undefined variable $bentuk_pendidikan', 'D:\\wamp64\\www\\app_sekolah_muhammadiyah\\app\\Views\\admin\\kepegawaian\\pegawai\\c_pegawai.php', 120)
 2 SYSTEMPATH\View\View.php(224): include('D:\\wamp64\\www\\app_sekolah_muhammadiyah\\app\\Views\\admin\\kepegawaian\\pegawai\\c_pegawai.php')
 3 SYSTEMPATH\View\View.php(227): CodeIgniter\View\View->CodeIgniter\View\{closure}()
 4 SYSTEMPATH\Common.php(1173): CodeIgniter\View\View->render('admin/kepegawaian/pegawai/c_pegawai', [], true)
 5 APPPATH\Controllers\Admin_pegawai.php(43): view('admin/kepegawaian/pegawai/c_pegawai', [...])
 6 SYSTEMPATH\CodeIgniter.php(933): App\Controllers\Admin_pegawai->create()
 7 SYSTEMPATH\CodeIgniter.php(507): CodeIgniter\CodeIgniter->runController(Object(App\Controllers\Admin_pegawai))
 8 SYSTEMPATH\CodeIgniter.php(354): CodeIgniter\CodeIgniter->handleRequest(null, Object(Config\Cache), false)
 9 SYSTEMPATH\Boot.php(334): CodeIgniter\CodeIgniter->run()
10 SYSTEMPATH\Boot.php(67): CodeIgniter\Boot::runCodeIgniter(Object(CodeIgniter\CodeIgniter))
11 FCPATH\index.php(59): CodeIgniter\Boot::bootWeb(Object(Config\Paths))
12 SYSTEMPATH\rewrite.php(44): require_once('D:\\wamp64\\www\\app_sekolah_muhammadiyah\\public\\index.php')
DEBUG - 2025-05-23 08:12:06 --> Session: Class initialized using 'CodeIgniter\Session\Handlers\FileHandler' driver.
CRITICAL - 2025-05-23 08:12:06 --> ErrorException: Undefined variable $bentuk_pendidikan
[Method: GET, Route: admin_pegawai/create]
in APPPATH\Views\admin\kepegawaian\pegawai\c_pegawai.php on line 120.
 1 APPPATH\Views\admin\kepegawaian\pegawai\c_pegawai.php(120): CodeIgniter\Debug\Exceptions->errorHandler(2, 'Undefined variable $bentuk_pendidikan', 'D:\\wamp64\\www\\app_sekolah_muhammadiyah\\app\\Views\\admin\\kepegawaian\\pegawai\\c_pegawai.php', 120)
 2 SYSTEMPATH\View\View.php(224): include('D:\\wamp64\\www\\app_sekolah_muhammadiyah\\app\\Views\\admin\\kepegawaian\\pegawai\\c_pegawai.php')
 3 SYSTEMPATH\View\View.php(227): CodeIgniter\View\View->CodeIgniter\View\{closure}()
 4 SYSTEMPATH\Common.php(1173): CodeIgniter\View\View->render('admin/kepegawaian/pegawai/c_pegawai', [], true)
 5 APPPATH\Controllers\Admin_pegawai.php(43): view('admin/kepegawaian/pegawai/c_pegawai', [...])
 6 SYSTEMPATH\CodeIgniter.php(933): App\Controllers\Admin_pegawai->create()
 7 SYSTEMPATH\CodeIgniter.php(507): CodeIgniter\CodeIgniter->runController(Object(App\Controllers\Admin_pegawai))
 8 SYSTEMPATH\CodeIgniter.php(354): CodeIgniter\CodeIgniter->handleRequest(null, Object(Config\Cache), false)
 9 SYSTEMPATH\Boot.php(334): CodeIgniter\CodeIgniter->run()
10 SYSTEMPATH\Boot.php(67): CodeIgniter\Boot::runCodeIgniter(Object(CodeIgniter\CodeIgniter))
11 FCPATH\index.php(59): CodeIgniter\Boot::bootWeb(Object(Config\Paths))
12 SYSTEMPATH\rewrite.php(44): require_once('D:\\wamp64\\www\\app_sekolah_muhammadiyah\\public\\index.php')
DEBUG - 2025-05-23 08:13:18 --> Session: Class initialized using 'CodeIgniter\Session\Handlers\FileHandler' driver.
CRITICAL - 2025-05-23 08:13:18 --> ErrorException: Undefined variable $bentuk_pendidikan
[Method: GET, Route: admin_pegawai/create]
in APPPATH\Views\admin\kepegawaian\pegawai\c_pegawai.php on line 120.
 1 APPPATH\Views\admin\kepegawaian\pegawai\c_pegawai.php(120): CodeIgniter\Debug\Exceptions->errorHandler(2, 'Undefined variable $bentuk_pendidikan', 'D:\\wamp64\\www\\app_sekolah_muhammadiyah\\app\\Views\\admin\\kepegawaian\\pegawai\\c_pegawai.php', 120)
 2 SYSTEMPATH\View\View.php(224): include('D:\\wamp64\\www\\app_sekolah_muhammadiyah\\app\\Views\\admin\\kepegawaian\\pegawai\\c_pegawai.php')
 3 SYSTEMPATH\View\View.php(227): CodeIgniter\View\View->CodeIgniter\View\{closure}()
 4 SYSTEMPATH\Common.php(1173): CodeIgniter\View\View->render('admin/kepegawaian/pegawai/c_pegawai', [], true)
 5 APPPATH\Controllers\Admin_pegawai.php(43): view('admin/kepegawaian/pegawai/c_pegawai', [...])
 6 SYSTEMPATH\CodeIgniter.php(933): App\Controllers\Admin_pegawai->create()
 7 SYSTEMPATH\CodeIgniter.php(507): CodeIgniter\CodeIgniter->runController(Object(App\Controllers\Admin_pegawai))
 8 SYSTEMPATH\CodeIgniter.php(354): CodeIgniter\CodeIgniter->handleRequest(null, Object(Config\Cache), false)
 9 SYSTEMPATH\Boot.php(334): CodeIgniter\CodeIgniter->run()
10 SYSTEMPATH\Boot.php(67): CodeIgniter\Boot::runCodeIgniter(Object(CodeIgniter\CodeIgniter))
11 FCPATH\index.php(59): CodeIgniter\Boot::bootWeb(Object(Config\Paths))
12 SYSTEMPATH\rewrite.php(44): require_once('D:\\wamp64\\www\\app_sekolah_muhammadiyah\\public\\index.php')
DEBUG - 2025-05-23 08:14:12 --> Session: Class initialized using 'CodeIgniter\Session\Handlers\FileHandler' driver.
DEBUG - 2025-05-23 08:14:50 --> Session: Class initialized using 'CodeIgniter\Session\Handlers\FileHandler' driver.
